linenr,kilometer,postid
  1,3.082,1
  1,6.804,2
  1,12.088,3
  1,15.891,4
  1,29.548,5
  1,35.032,6
  1,40.468,7
  1,43.141,8
  1,50.033,9
  1,51.959,10
  1,54.92,11
  1,55.404,12
  1,60.779,13
  1,65.926,14
  1,71.355,15
  1,75.372,16
  1,80.131,17
  1,84.71,18
  1,89.822,19
  1,92.345,20
  1,95.723,21
  1,99.619,22
  1,105.194,23
  1,111.011,24
  1,114.176,25
  1,118.651,26
  1,123.399,27
  1,129.944,28
  1,133.825,29
  1,138.545,30
  1,144.242,31
  1,150.389,32
  1,156.555,33
  1,159.433,34
  1,162.533,35
  1,166.718,36
  1,171.66,37
  1,175.004,38
  1,177.694,39
  1,183.452,40
  1,189.133,41
  1,194.756,42
  1,200.525,43
  1,202.758,44
  1,208.201,45
  1,210.606,46
  1,217.7,47
  1,222.755,48
  1,225.816,49
  1,229.745,50
  1,232.527,51
  1,233.5,52
  1,239.158,53
  1,245.85,54
  1,246.95,55
  1,250.787,56
  1,254.088,57
  1,257.525,58
  1,261.016,59
  1,263.442,60
  1,266.37,61
  1,270.3,62
  1,274.227,63
  1,280.654,64
  1,284.313,65
  1,286.557,66
  1,289.202,67
  1,292.896,68
  1,295.398,69
  1,296.726,70
  1,300.267,71
  1,302.077,72
  1,304.385,73
  1,305.524,74
  1,309.544,75
  1,312.91,76
  1,315.653,77
  1,318.378,78
  2,-2.619,1
  2,0.0,79
  2,4.254,80
  2,5.988,81
  2,7.711,82
  2,11.753,83
  2,16.385,84
  2,18.183,85
  2,19.989,86
  2,21.567,87
  2,25.664,88
  2,28.813,89
  2,31.317,90
  2,32.661,91
  2,35.8,92
  2,40.595,93
  2,43.087,94
  2,46.143,95
  2,50.397,96
  2,50.404,97
  2,53.784,98
  2,58.685,99
  2,63.805,100
  2,68.76,101
  2,72.128,102
  2,77.428,103
  2,77.941,104
  2,85.345,105
  2,89.863,106
  2,92.694,107
  2,95.414,108
  2,96.73,109
  2,97.335,110
  2,100.333,111
  2,102.88,112
  2,107.22,113
  2,107.957,114
  2,109.954,115
  2,112.678,116
  2,120.448,117
  2,122.506,118
  2,128.086,119
  2,131.554,120
  2,131.68,121
  2,136.063,122
  2,141.677,123
  2,148.657,124
  2,154.297,125
  2,157.414,126
  2,160.49,127
  2,160.7,128
  2,168.07,129
  2,172.863,130
  2,174.995,131
  2,180.806,132
  2,183.604,133
  2,188.896,134
  2,194.714,135
  2,197.784,136
  2,199.92,137
  2,201.687,138
  2,202.048,139
  2,204.024,140
  2,209.28,141
  2,211.657,142
  3,3.082,1
  3,6.804,2
  3,8.993,143
  3,10.719,144
  3,15.384,145
  3,21.369,146
  3,21.978,147
  3,28.684,148
  3,31.118,149
  3,34.318,150
  3,38.534,151
  3,41.942,152
  3,47.008,153
  3,54.315,154
  3,58.725,155
  3,62.074,156
  3,65.157,157
  3,67.47,158
  3,72.327,159
  3,75.783,160
  3,76.893,161
  3,80.649,162
  3,86.938,163
  3,93.38,164
  3,99.7,165
  3,107.106,166
  3,115.866,167
  3,120.61,168
  3,122.05,169
  3,125.903,170
  3,134.608,171
  3,138.78,172
  3,148.264,173
  3,157.62,174
  3,163.832,175
  3,166.107,176
  3,175.657,177
  3,181.75,178
  3,187.834,179
  3,204.496,180
  3,206.557,181
  3,211.636,182
  3,215.818,183
  3,221.612,184
  3,224.497,185
  3,232.8,186
  3,236.869,187
  3,240.819,188
  3,245.213,189
  3,248.407,190
  3,253.293,191
  3,262.729,192
  3,268.403,193
  3,274.38,194
  3,281.277,195
  3,285.79,196
  3,291.618,197
  3,294.112,198
  3,294.954,199
  3,298.997,200
  3,301.577,201
  3,304.656,202
  3,309.155,203
  3,312.209,204
  3,312.846,205
  3,318.278,206
  3,323.501,207
  3,329.408,208
  3,334.137,209
  3,338.585,210
  3,343.376,211
  3,351.149,212
  3,357.09,213
  3,362.041,214
  3,366.964,215
  3,371.895,216
  3,379.335,217
  3,382.754,218
  3,385.628,219
  3,387.742,220
  3,396.495,221
  3,402.084,222
  3,407.344,223
  3,412.454,224
  3,417.7,225
  3,427.562,226
  3,434.673,227
  3,443.423,228
  3,451.135,229
  3,460.781,230
  3,472.731,231
  3,472.936,232
  3,475.925,233
  3,478.098,234
  4,1.092,5
  4,14.574,235
  4,23.542,236
  4,40.122,237
  4,57.381,238
  4,80.739,239
  4,92.564,240
  4,106.588,241
  4,124.828,242
  4,153.65,243
  4,160.588,244
  4,170.479,245
  4,206.688,246
  4,224.05,63
  6,14.763,247
  6,21.48,248
  6,25.01,249
  6,27.715,250
  6,31.03,251
  6,34.814,252
  6,37.802,253
  6,41.089,254
  6,43.154,255
  6,48.335,256
  6,53.155,257
  6,55.208,258
  6,58.48,259
  6,63.622,260
  6,68.683,261
  6,72.489,262
  6,73.128,263
  6,81.703,264
  6,87.969,265
  6,96.249,266
  6,99.195,267
  6,102.968,268
  6,111.848,269
  6,118.077,270
  6,120.8,271
  6,127.383,272
  6,132.792,273
  6,135.803,274
  6,140.474,275
  6,146.107,276
  6,150.575,277
  6,154.035,278
  6,156.265,279
  6,160.117,280
  6,163.251,281
  6,167.107,282
  6,168.996,283
  6,172.222,284
  6,172.5,285
  6,173.57,286
  6,177.305,287
  6,185.155,288
  6,191.278,289
  6,195.28,290
  6,199.178,291
  6,203.118,292
  6,207.525,293
  6,211.791,294
  6,212.806,295
  6,218.527,296
  6,225.58,297
  6,227.838,298
  6,228.32,299
  6,230.146,300
  6,234.635,301
  6,238.574,302
  7,4.254,80
  7,8.334,303
  7,10.776,304
  7,12.569,305
  7,13.928,306
  7,15.129,307
  7,17.55,308
  7,19.195,309
  7,20.581,310
  7,22.39,311
  7,23.991,312
  7,25.93,313
  7,27.569,314
  7,30.051,315
  7,33.251,316
  7,34.955,317
  7,38.758,318
  7,42.26,319
  7,43.676,320
  7,46.356,321
  7,50.452,322
  7,54.345,323
  7,60.44,324
  7,61.266,325
  7,66.589,326
  7,70.103,327
  7,72.814,328
  7,74.365,329
  7,76.57,330
  7,80.772,331
  7,84.715,332
  7,87.945,333
  7,90.088,334
  7,93.214,335
  7,98.11,336
  7,103.282,337
  7,107.011,338
  7,107.91,339
  7,109.103,340
  7,113.726,341
  7,117.885,342
  7,121.58,343
  7,123.966,344
  7,126.777,345
  7,129.688,346
  7,135.9,347
  7,140.767,348
  7,145.32,349
  7,149.025,350
  7,151.87,351
  7,152.469,352
  7,154.609,353
  7,160.05,354
  7,164.17,355
  7,167.779,356
  7,170.337,357
  7,171.519,358
  7,174.973,359
  7,177.42,360
  7,178.015,361
  7,182.09,362
  7,185.244,363
  7,186.062,364
  7,187.48,365
  7,191.018,366
  7,192.89,367
  7,196.813,368
  7,201.843,369
  7,207.155,370
  7,211.731,371
  7,216.955,372
  7,219.699,373
  7,220.144,374
  7,224.04,375
  7,229.286,376
  7,238.219,377
  7,245.848,378
  7,246.573,379
  7,248.419,380
  7,250.459,381
  7,251.814,382
  7,257.551,383
  7,263.781,384
  7,269.508,385
  7,271.533,386
  8,3.082,1
  8,6.167,387
  8,8.032,388
  8,9.073,389
  8,10.754,390
  8,12.388,391
  8,16.5,392
  8,18.55,393
  8,20.655,394
  8,23.835,395
  8,28.618,396
  8,32.162,397
  8,35.61,398
  8,36.701,399
  8,40.26,400
  8,43.011,401
  8,46.563,402
  8,49.709,403
  8,53.087,404
  8,56.284,405
  8,57.849,406
  8,62.347,407
  8,67.78,408
  8,74.835,409
  8,80.5,410
  8,84.581,411
  8,86.589,412
  8,90.162,413
  8,91.909,414
  8,96.463,415
  8,98.67,416
  8,99.475,417
  8,101.223,418
  8,102.944,419
  8,110.015,420
  8,113.254,421
  8,113.254,422
  8,116.78,423
  8,117.543,424
  8,120.7,425
  8,125.123,426
  8,128.639,427
  8,132.513,428
  8,138.68,429
  8,143.442,430
  8,145.85,431
  8,150.037,432
  8,152.404,433
  8,155.099,434
  8,160.271,435
  8,163.303,436
  8,168.023,437
  8,171.297,438
  8,176.198,439
  8,182.06,440
  8,185.5,441
  8,185.865,442
  8,187.672,443
  8,191.87,444
  8,195.368,445
  8,197.33,446
  8,201.955,447
  8,202.246,448
  8,207.761,449
  8,211.877,450
  8,219.49,451
  8,227.408,452
  8,231.665,453
  8,238.263,454
  8,244.543,455
  8,251.232,456
  8,254.285,457
  8,256.243,458
  8,262.098,459
  8,267.778,460
  8,272.194,461
  8,277.343,462
  8,280.724,463
  8,283.934,464
  8,287.322,465
  8,290.541,466
  8,292.211,467
  8,295.782,468
  8,298.89,469
  8,301.57,470
  8,304.18,471
  8,307.946,472
  8,310.832,473
  8,313.275,474
  8,317.426,475
  8,319.44,476
  9,4.408,80
  9,7.432,477
  9,10.1,478
  9,10.133,479
  9,12.045,480
  9,14.537,481
  9,16.875,482
  9,19.7,483
  9,25.19,484
  9,27.478,485
  9,29.393,486
  9,30.276,487
  9,36.772,488
  9,40.441,489
  9,44.106,490
  9,48.553,491
  9,53.193,492
  9,55.8,493
  9,60.153,494
  9,63.958,495
  9,66.824,496
  9,71.428,497
  9,75.713,498
  9,79.669,499
  9,85.424,500
  9,95.414,501
  9,98.06,502
  9,106.322,503
  9,110.148,504
  9,113.859,505
  9,117.161,506
  9,122.435,507
  9,128.16,508
  9,130.388,509
  9,136.465,510
  9,140.345,511
  9,148.226,512
  9,153.033,513
  9,158.223,514
  9,162.037,515
  9,166.47,516
  9,168.668,517
  9,173.055,518
  9,175.865,519
  9,178.499,520
  9,183.723,521
  9,189.5,522
  9,195.801,523
  9,203.296,524
  9,208.976,525
  9,211.847,526
  9,219.901,527
  9,225.114,528
  9,232.428,529
  9,242.297,530
  9,249.34,531
  9,253.367,532
  9,262.468,533
  9,269.6,534
  9,272.425,535
  9,277.888,536
  9,279.674,537
  9,283.793,538
  9,286.748,539
  9,293.724,540
  9,296.249,541
  9,302.681,542
  9,306.676,543
  9,308.294,544
  9,311.768,545
  9,314.44,546
  9,317.123,547
  9,322.094,548
  9,324.538,549
  9,325.848,550
  9,327.741,551
 10,0.0,484
 10,1.444,552
 10,3.2,553
 10,4.22,554
 10,8.55,555
 10,12.28,556
 10,18.382,557
 10,25.78,558
 10,31.845,559
 10,35.91,253
 11,0.264,14
 11,4.117,560
 11,6.2,561
 11,7.535,562
 11,11.215,563
 11,15.169,564
 11,18.476,565
 11,21.749,162
 12,0.0,14
 12,9.989,566
 12,13.732,567
 12,19.813,568
 12,24.65,569
 12,26.199,570
 12,26.619,571
 12,34.656,572
 12,41.599,573
 12,47.963,574
 12,52.57,575
 12,58.342,576
 12,64.34,577
 12,65.264,578
 12,66.525,579
 12,73.563,580
 12,76.5,581
 12,81.665,582
 12,89.024,583
 12,95.657,584
 12,96.4,585
 12,99.603,323
 12,104.62,586
 12,110.62,587
 12,118.231,588
 12,124.188,589
 12,130.136,590
 12,136.232,591
 12,141.825,592
 12,148.016,593
 12,153.783,594
 12,160.108,117
 13,0.813,559
 13,19.768,595
 13,32.351,93
 13,38.877,596
 13,47.61,597
 13,56.334,323
 14,0.503,598
 14,2.35,599
 14,3.031,600
 14,7.002,601
 14,14.49,602
 14,17.705,603
 14,21.3,604
 14,24.799,605
 14,30.85,606
 14,36.181,607
 14,39.842,608
 14,42.36,609
 14,49.329,610
 14,53.486,611
 14,53.49,612
 14,54.516,613
 14,58.163,614
 14,59.435,615
 14,70.614,616
 14,79.272,617
 14,83.145,618
 14,89.478,619
 14,90.065,620
 14,98.311,621
 14,104.811,622
 14,107.954,623
 14,112.133,624
 14,115.72,625
 14,118.643,626
 14,122.342,627
 14,123.679,628
 14,129.07,629
 14,132.275,630
 14,136.121,631
 14,138.582,632
 14,142.024,633
 14,146.623,634
 14,150.46,635
 14,153.88,636
 14,158.596,637
 14,162.443,638
 14,167.732,639
 14,171.12,640
 14,173.671,641
 14,180.268,642
 14,184.532,643
 14,188.207,644
 14,194.496,645
 14,198.288,646
 14,202.979,647
 14,206.405,648
 14,209.672,649
 14,217.27,650
 14,223.994,651
 14,229.118,652
 14,235.868,653
 14,242.796,654
 14,254.751,655
 14,263.325,656
 14,271.551,657
 14,277.195,658
 14,280.509,659
 14,287.24,660
 14,291.157,661
 14,295.75,662
 14,299.498,663
 14,306.497,664
 14,312.193,665
 14,318.753,666
 14,324.0,667
 14,331.936,668
 14,340.532,669
 14,353.37,670
 14,358.639,671
 14,358.709,672
 14,362.638,673
 14,369.773,674
 14,374.85,675
 14,388.572,676
 14,389.08,677
 15,0.0,159
 15,4.8,161
 15,8.84,678
 15,14.962,679
 15,21.435,680
 15,23.681,681
 15,27.4,682
 15,32.3,683
 15,36.847,684
 15,42.27,685
 15,46.275,686
 15,50.327,687
 15,51.48,688
 15,53.343,689
 15,57.405,690
 15,60.745,691
 15,64.071,692
 15,68.285,598
 16,0.537,693
 16,2.76,694
 16,6.11,695
 16,7.489,696
 16,8.81,697
 16,10.386,698
 16,13.728,690
 16,15.612,699
 16,18.392,700
 16,21.544,701
 16,25.254,702
 16,30.944,703
 16,34.841,704
 16,36.372,705
 16,42.381,706
 16,46.405,707
 16,54.248,708
 16,60.574,709
 16,71.063,170
 17,0.091,710
 17,2.752,711
 17,5.1,712
 17,5.267,693
 17,10.847,713
 17,13.05,714
 17,15.921,715
 17,19.197,716
 17,23.503,717
 17,26.197,23
 18,0.314,170
 18,13.658,718
 18,21.134,719
 18,27.287,720
 18,33.31,721
 18,38.555,722
 18,42.662,723
 18,47.056,724
 18,54.808,725
 18,57.048,726
 18,59.956,727
 18,62.943,728
 18,69.223,729
 18,77.189,730
 18,80.482,731
 18,84.16,732
 18,84.697,733
 18,91.702,734
 18,95.947,735
 18,101.493,736
 18,103.249,737
 18,109.058,738
 18,111.741,739
 18,119.304,740
 18,120.89,741
 18,126.123,742
 18,131.325,743
 18,138.699,744
 18,143.147,745
 18,148.699,746
 18,152.3,747
 18,154.395,748
 18,156.343,749
 18,160.058,750
 18,162.578,751
 18,163.068,752
 18,164.762,753
 18,165.979,754
 18,169.863,755
 18,173.095,756
 18,180.203,757
 18,186.887,758
 18,195.14,759
 18,198.674,760
 18,202.833,761
 18,208.183,762
 18,213.983,763
 18,219.898,764
 18,226.963,765
 18,236.8,766
 18,245.503,767
 18,247.181,768
 19,1.095,769
 19,5.438,3
 20,-0.6,769
 20,3.587,770
 20,4.36,1
 20,4.6,771
 20,5.55,772
 20,6.5,773
 20,7.383,774
 20,8.928,775
 20,10.534,776
 20,12.2,777
 20,14.101,478
 21,0.063,778
 21,1.773,779
 21,3.965,780
 21,6.74,781
 21,10.84,247
 21,13.426,782
 21,15.286,783
 21,17.668,248
 21,18.636,784
 22,0.914,785
 22,3.585,786
 22,10.805,787
 22,15.894,788
 22,20.028,789
 22,28.43,790
 22,30.225,791
 22,35.993,792
 22,39.125,793
 22,44.117,794
 22,47.002,795
 22,51.404,796
 22,56.035,797
 22,60.772,798
 22,66.815,799
 22,70.575,800
 22,75.373,801
 22,78.701,802
 22,80.836,803
 22,82.77,804
 22,88.237,419
 23,1.93,805
 23,2.64,1
 24,2.179,31
 24,24.35,806
 24,26.6,807
 25,0.0,598
 25,3.794,808
 25,6.926,809
 25,11.189,810
 25,12.164,811
 25,14.783,812
 25,14.905,813
 25,18.057,714
 25,20.923,715
 25,24.207,716
 25,28.453,814
 25,33.967,815
 25,39.959,816
 25,43.726,817
 25,47.698,818
 25,55.7,785
 25,61.398,819
 25,67.405,820
 25,68.14,821
 25,72.852,822
 25,76.015,823
 25,81.901,824
 25,87.431,825
 25,92.967,826
 25,96.924,827
 25,99.571,828
 25,102.452,829
 25,105.654,830
 25,112.158,831
 25,115.1,832
 25,119.163,833
 25,123.6,834
 25,128.46,835
 25,131.6,836
 25,133.831,837
 25,137.56,838
 25,141.149,839
 25,143.513,430
 25,146.193,840
 25,152.401,841
 25,155.335,842
 25,159.841,843
 25,161.698,844
 25,165.85,845
 25,168.87,846
 25,172.62,847
 25,174.545,848
 25,176.465,849
 25,181.99,850
 25,184.866,851
 25,189.122,852
 25,193.56,853
 25,197.585,854
 25,201.091,855
 25,204.945,856
 25,206.23,857
 25,209.315,858
 25,214.721,859
 25,222.71,860
 25,230.167,861
 25,234.8,862
 25,235.248,863
 25,240.957,864
 25,244.885,865
 25,248.502,866
 25,252.905,867
 25,257.532,868
 25,260.209,869
 25,264.1,870
 25,267.782,871
 25,269.029,872
 25,275.025,873
 25,279.507,874
 25,282.548,875
 25,285.993,876
 25,291.933,877
 25,295.68,878
 25,299.7,879
 25,300.214,880
 25,302.464,881
 25,305.918,882
 25,307.786,883
 25,310.656,884
 25,314.568,885
 25,318.9,886
 25,321.451,887
 25,323.216,888
 26,0.293,117
 26,3.928,889
 26,14.094,890
 26,16.9,891
 26,22.552,892
 26,27.95,893
 26,30.948,894
 26,35.266,895
 26,42.197,896
 26,51.512,897
 26,53.187,898
 26,55.71,899
 26,61.444,337
 26,64.97,900
 26,67.045,901
 26,74.952,902
 26,81.985,903
 26,87.207,904
 26,93.945,905
 26,95.702,906
 26,98.7,907
 26,104.993,908
 26,106.78,909
 26,108.55,910
 26,110.544,911
 26,116.398,418
 26,117.399,419
 27,0.408,494
 27,8.378,912
 27,14.793,913
 27,22.208,914
 27,29.612,915
 27,35.84,916
 27,40.599,917
 27,48.225,918
 27,55.721,919
 27,65.107,920
 27,71.999,921
 27,74.33,922
 27,81.03,923
 27,87.792,924
 27,93.3,925
 27,98.73,926
 27,103.717,927
 27,109.588,928
 27,114.815,929
 27,120.837,930
 27,126.509,931
 27,133.043,932
 27,139.424,933
 27,145.079,934
 27,150.521,935
 27,156.715,936
 27,160.992,937
 27,161.758,938
 27,165.022,939
 28,0.0,554
 28,1.858,940
 28,3.341,941
 29,0.0,253
 29,3.43,942
 29,6.752,943
 29,10.706,944
 29,14.727,945
 29,18.04,946
 29,20.568,947
 29,25.797,948
 29,30.142,949
 29,35.576,950
 29,40.585,951
 29,44.885,952
 29,50.204,953
 29,58.15,954
 29,66.574,955
 29,74.236,956
 30,1.571,117
 30,11.778,957
 30,17.656,958
 30,22.997,959
 30,29.355,960
 30,34.636,961
 30,44.644,962
 30,51.984,963
 30,53.145,964
 30,56.05,965
 30,60.584,966
 30,65.173,967
 30,67.336,968
 30,67.947,969
 30,69.544,970
 30,72.418,971
 30,75.26,972
 30,79.668,973
 30,80.916,974
 30,83.037,975
 30,88.516,976
 30,92.634,977
 30,94.471,978
 30,98.339,979
 30,102.348,980
 30,105.19,981
 30,106.136,982
 30,106.236,983
 30,107.722,361
 31,0.0,107
 31,3.967,109
 31,9.412,984
 31,13.468,985
 31,17.902,986
 31,19.713,987
 31,25.43,988
 31,33.43,989
 31,36.887,990
 31,43.379,991
 31,48.363,992
 31,53.498,993
 31,56.898,994
 31,62.726,995
 31,70.03,996
 31,76.542,997
 31,79.951,998
 31,90.167,999
 31,96.124,1000
 31,99.764,1001
 31,106.75,1002
 31,107.74,1003
 31,112.626,1004
 31,120.114,1005
 31,127.255,1006
 31,134.246,1007
 31,139.842,1008
 31,144.635,1009
 31,146.1,1010
 31,151.355,1011
 31,154.384,1012
 32,0.885,999
 32,5.658,1013
 32,13.007,1014
 32,18.857,1015
 32,22.732,1016
 32,23.575,1017
 32,27.145,1018
 32,30.974,1019
 32,36.906,1020
 32,40.829,1021
 32,47.653,1022
 32,54.199,1023
 32,56.31,1024
 32,63.159,1025
 32,68.178,1026
 32,71.11,1027
 32,71.288,1028
 32,72.585,1029
 32,77.003,287
 33,0.0,170
 33,3.32,1030
 33,6.15,1031
 33,8.882,1032
 33,14.017,1033
 33,20.652,1034
 33,28.481,1035
 33,34.244,1036
 33,38.876,1037
 33,45.72,1038
 33,52.258,1039
 33,57.635,1040
 33,65.558,1041
 33,73.432,1042
 33,79.64,1043
 33,87.116,924
 33,99.28,1044
 33,108.8,1045
 33,116.754,1046
 33,129.01,1047
 33,142.484,1048
 34,0.0,956
 34,5.525,1049
 34,9.7,1050
 34,13.002,1051
 34,18.04,1052
 34,22.477,1053
 34,33.901,1054
 34,36.586,1055
 34,41.375,1056
 34,53.642,265
 35,0.0,956
 35,6.004,1057
 35,14.587,1058
 35,19.983,1059
 35,29.104,1060
 35,37.914,1061
 35,44.812,1062
 35,50.051,1063
 35,56.373,1064
 35,71.06,1065
 35,77.25,1066
 35,82.743,1067
 35,87.062,1068
 35,92.46,1069
 36,0.812,956
 36,18.554,1070
 36,25.52,1071
 36,36.366,1072
 36,47.434,1073
 36,51.973,1074
 36,57.952,1075
 36,62.634,1076
 36,68.488,1077
 36,71.5,1078
 36,76.617,1079
 36,79.243,1080
 36,83.172,1081
 36,88.176,278
 37,0.428,287
 37,3.709,1082
 37,6.513,1083
 37,13.533,1084
 37,16.322,1085
 37,24.08,1086
 37,26.859,1087
 37,29.338,1088
 37,36.677,1089
 37,42.329,1090
 37,47.515,1091
 37,53.105,1092
 38,0.0,287
 38,4.555,1093
 38,8.013,1094
 38,12.635,1095
 38,15.112,1096
 38,21.27,1097
 38,28.437,1098
 38,32.385,1099
 38,37.351,1100
 38,43.872,1101
 38,52.35,1102
 38,57.232,1103
 38,70.379,1104
 38,74.055,1105
 38,82.477,1106
 38,88.008,1107
 38,93.002,1108
 38,100.433,1109
 38,101.141,1110
 38,103.236,1111
 38,112.202,1112
 38,121.862,1113
 38,132.818,1114
 38,141.178,1115
 38,150.976,1116
 38,154.49,1117
 38,160.612,1118
 38,165.394,1119
 38,169.515,1120
 38,180.375,1121
 38,184.325,1122
 38,189.243,1123
 38,192.288,1124
 38,202.044,1125
 38,208.826,1126
 38,212.465,1127
 38,216.19,1128
 38,225.649,1129
 38,241.289,1130
 39,0.644,1131
 39,8.379,1132
 39,12.08,1133
 39,16.275,1134
 39,19.23,1135
 39,23.888,1136
 39,30.671,1137
 39,37.822,1138
 39,42.979,1139
 40,0.601,296
 40,4.425,1140
 40,8.71,1141
 40,12.454,1142
 40,19.201,1143
 40,29.2,1144
 40,32.686,1145
 40,41.947,1146
 40,46.25,1147
 40,50.661,1148
 40,54.242,1149
 40,67.565,1150
 40,69.402,1151
 40,74.789,1152
 40,82.354,1153
 40,90.851,1154
 40,92.61,1155
 40,98.842,1139
 41,0.0,1111
 41,6.9,1156
 41,9.898,1157
 41,14.835,1158
 41,20.265,1159
 41,27.486,1131
 41,36.315,1160
 41,42.613,1161
 41,48.017,1162
 41,53.7,1163
 41,61.157,1164
 41,64.198,1165
 41,65.316,1166
 42,2.161,805
 42,3.083,1
 42,4.35,770
 43,0.498,999
 43,6.157,1167
 44,1.158,815
 44,4.032,1168
 44,4.24,1169
 45,0.685,80
 45,2.296,1170
 46,3.366,1
 46,4.35,770
 49,0.0,1071
 49,7.91,1171
 49,16.822,1172
 51,0.0,1139
 51,25.188,1173
 51,28.62,1174
 52,0.0,1018
 52,7.128,1175
 52,9.34,1176
 52,13.893,1177
 52,16.741,1178
 52,21.023,1179
 52,25.805,1005
 52,29.211,1180
 52,29.341,1181
 53,0.801,785
 53,2.597,1182
 53,6.009,1183
 53,8.562,1184
 55,90.819,1185
 55,99.133,1186
 55,111.838,1187
 55,115.809,1188
 55,119.862,107
 57,161.496,302
 57,165.44,301
 57,170.794,1189
 57,171.968,299
 57,176.952,1190
 57,180.02,1191
 57,181.538,296
 57,187.172,294
 59,0.0,1012
 59,8.279,1010
 59,15.035,1192
 59,18.8,1193
 60,205.248,1194
 60,209.28,141
 60,211.657,142
 61,0.0,443
 61,2.254,1195
 61,3.723,1196
 61,8.336,1197
 61,10.712,1198
 61,14.017,1199
 61,18.235,1200
 61,19.024,1201
 61,23.735,1202
 61,27.306,1203
 61,32.538,1204
 61,36.699,1205
 61,40.567,1206
 61,47.735,1207
 61,53.035,1208
 61,53.261,1209
 61,59.716,1210
 61,71.478,1211
 61,74.854,1212
 61,78.508,1213
 61,83.935,1214
 61,87.888,1215
 61,93.962,1216
 61,99.679,1217
 61,104.217,1218
 61,104.865,1219
 61,110.251,1220
 61,117.223,1221
 61,122.211,1222
 61,122.931,1223
 61,127.655,1224
 61,128.317,1225
 61,134.666,1226
 61,138.615,1227
 61,141.799,1228
 61,145.837,1229
 61,149.84,1230
 61,152.231,1231
 61,156.795,1232
 61,161.223,1233
 61,168.443,1234
 61,176.335,1235
 62,0.75,460
 62,7.793,1236
 62,12.478,1237
 62,13.755,1238
 62,17.315,1239
 62,22.296,1240
 62,28.029,1241
 62,29.127,1242
 62,30.379,1243
 62,35.744,1244
 62,45.021,1245
 62,53.538,1246
 62,57.338,1247
 62,61.261,1248
 62,65.941,1249
 62,69.221,1250
 62,73.608,1251
 62,75.685,1252
 62,78.93,1253
 62,80.061,1254
 62,82.732,1255
 62,84.054,75
 63,0.0,386
 63,2.031,385
 63,7.722,1256
 63,12.409,1257
 63,14.0,1258
 63,20.922,381
 63,23.12,380
 63,24.3,379
 63,24.967,1259
 63,30.452,1260
 64,0.0,459
 64,17.675,1261
 64,32.57,1262
 64,43.527,1211
 66,0.058,1263
 66,5.085,1264
 66,8.995,1265
 66,16.243,1266
 66,20.5,1267
 66,25.585,1268
 66,33.625,1269
 66,40.3,1270
 66,46.278,1271
 66,54.125,1272
 66,60.3,1273
 66,67.554,1274
 67,0.51,359
 67,3.715,1275
 67,8.099,363
 68,0.0,359
 68,3.414,358
 68,8.732,1276
 68,12.059,1277
 68,15.027,1278
 68,20.181,1279
 68,24.763,1280
 68,28.268,1281
 68,33.265,1282
 68,35.888,1283
 68,39.379,1284
 68,44.108,1285
 68,48.759,1286
 68,55.329,1287
 68,58.528,1288
 68,61.546,1289
 68,66.521,1290
 68,72.475,1291
 68,78.836,1292
 68,81.225,1293
 68,90.277,1294
 68,95.318,1295
 68,99.469,1296
 68,100.455,1297
 68,102.77,1298
 68,105.248,1299
 68,106.237,1300
 68,108.638,1274
 68,111.686,1301
 68,112.801,1302
 68,114.421,1303
 68,115.895,1304
 68,117.397,1305
 68,122.621,1306
 68,126.192,1307
 68,134.467,1308
 68,141.39,1309
 68,142.771,1310
 68,144.98,1311
 68,151.418,1312
 68,155.725,1313
 68,164.198,1314
 68,168.455,1315
 68,173.0,1316
 68,175.417,1317
 68,177.172,1318
 69,0.0,376
 69,6.5,1319
 69,8.88,1320
 69,13.2,1321
 69,18.347,1322
 69,19.699,1323
 69,25.163,1324
 69,30.545,1325
 69,31.206,1326
 69,36.599,1327
 69,43.012,1328
 69,46.935,1329
 69,53.992,1330
 69,56.705,1331
 69,60.534,1332
 69,66.407,1333
 69,74.102,1334
 69,76.37,1263
 69,86.008,1335
 69,92.325,1336
 69,97.925,1337
 69,105.219,1338
 69,111.811,1339
 69,118.993,1340
 69,122.47,1341
 69,129.9,1342
 69,135.801,1343
 69,138.042,1344
 70,0.0,1345
 70,9.327,1346
 70,13.655,1347
 70,24.6,1348
 70,39.69,1349
 70,49.356,1350
 70,51.587,1351
 70,63.09,1352
 70,87.116,869
 71,0.0,868
 71,0.56,1353
 71,2.102,1354
 71,5.5,1355
 71,10.01,1356
 71,12.695,1357
 71,14.181,1358
 71,18.29,1359
 71,19.807,1360
 71,22.285,1361
 71,23.835,1362
 71,31.115,1363
 71,33.62,1364
 71,36.89,1365
 71,45.43,1366
 71,46.73,1367
 71,50.35,1368
 71,53.976,1369
 71,57.64,1370
 71,60.165,1371
 71,62.433,1372
 71,64.986,1373
 71,66.31,1374
 72,0.424,1330
 72,6.45,1375
 72,8.937,1376
 72,10.803,1377
 72,12.33,1378
 72,12.793,1379
 72,20.648,1380
 72,27.816,1381
 72,35.95,1382
 72,40.055,1383
 72,44.285,1384
 72,49.01,1385
 72,55.476,1386
 72,60.1,1387
 72,61.639,1388
 73,0.0,446
 73,4.771,1389
 73,6.822,1390
 73,13.982,1391
 73,19.542,1345
 73,24.74,1392
 73,27.755,1393
 73,33.922,1394
 73,43.2,1395
 73,44.053,1396
 74,0.0,866
 74,7.389,1397
 74,14.466,1398
 74,18.616,1399
 74,22.182,1400
 74,23.342,1298
 75,0.0,1351
 75,16.492,1401
 76,0.0,902
 76,1.863,1402
 76,10.935,1403
 77,-0.449,1403
 77,13.374,1404
 78,1.387,864
 78,3.793,865
 78,10.783,1397
 79,0.001,873
 79,2.812,1405
 81,0.497,380
 81,7.078,1406
 81,12.853,1407
 81,14.439,1408
 81,20.034,1409
 81,22.676,1410
 81,26.892,1411
 81,29.076,1412
 81,36.75,1413
 81,42.043,1414
 81,44.807,1415
 82,0.0,902
 82,6.349,1416
 82,23.049,342
 83,0.569,1330
 83,5.2,1417
 90,13.436,1418
 90,16.128,1419
 90,18.548,1420
 90,22.071,1421
 90,24.406,1422
 90,29.328,1423
 91,-0.305,476
 91,2.114,1424
 91,4.091,1425
 91,6.1,1426
 91,8.4,1427
 91,9.929,1428
 91,11.295,1429
 91,13.97,1430
 91,18.404,1431
 91,21.28,1432
 91,24.851,1433
 91,28.131,1434
 91,32.165,1435
 91,34.202,1436
 91,37.996,1437
 91,44.078,1438
 91,47.187,1439
 91,50.954,1440
 91,56.102,1441
 91,60.197,1442
 91,60.796,1443
 91,69.93,1444
 91,73.896,1445
 91,77.432,1446
 91,79.67,1447
 91,85.433,1448
 91,90.854,1449
 91,98.87,1450
 91,99.354,1451
 91,105.189,1452
 91,110.654,888
 91,113.95,1453
 91,119.82,1454
 91,123.703,1455
 91,126.97,1456
 91,131.877,1457
 91,137.979,1458
 91,143.338,1459
 91,147.435,1460
 91,150.327,1461
 91,155.839,1373
 91,157.579,1374
 91,162.658,1462
 91,166.163,1463
 91,171.464,1464
 91,174.363,1465
 91,178.107,1466
 91,181.18,1467
 91,184.096,1468
 91,190.511,1469
 91,194.396,1318
 91,202.914,1470
 91,209.319,1471
 91,213.293,1472
 91,219.42,1473
 91,223.155,1474
 91,227.717,1475
 91,230.376,1476
 91,232.33,1477
 91,235.889,1478
 91,235.923,1479
 91,237.631,1480
 91,242.731,1481
 91,244.332,1482
 91,250.589,1483
 91,252.18,1484
 91,254.264,1485
 91,257.094,1486
 91,258.254,1487
 92,0.0,1482
 92,6.258,1483
 92,12.874,1486
 92,14.046,1487
 93,0.0,1488
 93,3.663,1489
 93,5.343,1490
 93,9.358,1491
 93,11.234,1492
 93,17.561,1493
 93,20.51,1494
 93,25.253,1495
 93,31.465,1496
 93,32.4,1497
 93,34.913,1498
 93,37.742,1499
 93,40.552,1500
 93,42.993,1501
 93,46.664,1502
 93,51.505,1503
 93,53.791,1504
 93,56.8,1505
 93,60.772,1506
 93,64.723,1507
 93,69.807,1508
 93,76.374,1418
 93,80.662,1509
 94,0.633,1425
 94,1.43,1510
 94,3.128,1511
 94,4.243,1512
 94,5.345,1513
 94,7.091,1514
 94,9.66,1515
 94,11.491,1516
 94,13.971,1517
 94,15.473,1518
 94,17.68,1519
 94,19.42,1520
 94,21.4,1521
 94,23.94,1522
 94,26.544,1523
 94,29.945,1524
 94,33.86,1525
 94,35.591,1526
 94,36.862,1527
 94,38.51,1528
 94,42.085,1529
 94,45.71,1530
 94,50.118,1531
 94,53.21,1532
 94,57.375,1533
 94,64.297,1495
 95,0.0,1534
 95,10.751,474
 95,13.15,1535
 95,17.118,1536
 95,21.1,1537
 95,21.63,1538
 95,25.224,1539
 95,33.233,1431
 96,0.459,1446
 96,1.85,1540
 96,5.832,1541
 96,7.319,1542
 96,10.586,1543
 96,16.023,1544
 96,20.873,1545
 96,24.591,1546
 96,25.987,1547
 96,29.121,1548
 96,31.826,1549
 96,36.257,1550
 96,40.738,1551
 96,42.147,1552
 96,47.39,1553
 96,49.186,1554
 96,50.604,1555
 96,53.822,1556
 96,57.41,1557
 96,61.067,1558
 96,66.925,1559
 96,71.785,1560
 96,76.654,1561
 96,80.645,1562
 96,83.947,1563
 96,88.19,1564
 96,92.035,1565
 96,95.425,1566
 96,99.1,1567
 96,104.755,1568
 96,107.26,1569
 96,111.157,1570
 96,113.308,1571
 96,114.973,1572
 96,118.38,1573
 96,118.93,1574
 96,121.119,1575
 96,126.11,1576
 96,128.276,1577
 96,131.586,1578
 96,134.193,1579
 96,138.838,1580
 96,141.769,1581
 96,146.032,1582
 96,146.374,1583
 97,0.0,1518
 97,2.7,1584
 97,4.037,1585
 97,5.081,1586
 97,7.212,1587
 97,9.1,1588
 97,10.458,1589
 97,12.46,1590
 97,14.638,1591
 97,18.898,1592
 97,22.252,1593
 97,28.994,1594
 97,33.115,1595
 97,40.825,1596
 97,42.321,1597
 97,44.436,1598
 97,46.239,1599
 97,50.4,1600
 97,52.479,1601
 97,55.2,1602
 97,58.604,1603
 97,61.802,1604
 97,65.1,1605
 97,67.485,1606
 97,70.252,1607
 97,73.859,1608
 97,78.159,1609
 97,81.392,1610
 98,0.0,1599
 98,1.764,1598
 98,7.613,1611
 98,10.343,1612
 98,13.325,1613
 98,16.457,1614
 98,19.619,1615
 98,24.315,1616
 98,28.345,1617
 98,30.993,1618
 98,34.737,1619
 99,0.0,1619
 99,3.275,1620
 99,5.62,1621
 99,10.988,1622
 99,15.104,1623
 99,18.097,1624
 99,22.595,1625
 99,26.53,1626
 99,28.351,1627
 99,33.856,1628
 99,37.468,1629
 99,42.26,1630
100,0.0,1534
100,4.639,476
100,7.536,1631
100,11.765,1425
100,15.046,1632
100,19.811,1427
101,0.321,1472
101,5.274,1633
101,5.5,1634
101,13.164,1635
101,16.419,1636
101,18.83,1637
101,24.484,1638
101,32.765,1639
101,39.335,1640
101,46.209,1641
101,49.53,1642
101,50.817,1643
101,57.542,1644
101,71.333,1645
101,77.672,1646
101,82.789,1343
102,0.0,1482
102,1.681,1647
102,4.495,1648
102,4.615,1649
102,9.068,1650
102,11.448,1651
102,12.296,1652
103,0.631,1488
103,3.111,1653
103,4.756,1654
103,9.692,1655
103,12.103,1656
103,14.26,1657
103,17.875,1658
103,17.943,1659
103,19.405,1660
103,23.521,1529
103,26.234,1661
103,28.413,1662
103,31.396,1663
103,33.715,1664
103,37.408,1665
104,0.577,1619
104,1.939,1666
104,5.593,1667
104,8.5,1668
104,13.381,1669
104,14.951,1670
104,23.393,1671
104,25.959,1672
104,30.84,1673
104,37.16,1674
104,40.078,1675
104,43.2,1676
104,47.017,1677
104,52.458,1678
104,56.377,1679
104,59.48,1680
104,61.979,1681
104,64.384,1682
104,64.459,1683
104,67.394,1684
104,72.905,1685
104,74.391,1686
104,76.651,1564
105,0.0,1580
105,1.558,1687
105,5.356,1688
105,10.537,1689
106,0.476,1374
106,1.534,1690
106,3.568,1691
106,5.98,1692
106,8.985,1693
106,13.015,1694
106,15.312,1695
106,17.526,1696
106,20.373,1697
106,23.01,1698
106,25.066,1699
106,30.99,1700
106,35.329,1701
106,38.112,1702
106,39.708,1703
106,42.158,1704
106,47.568,1705
106,51.994,1706
106,54.928,1707
106,59.044,1708
106,65.125,1709
106,66.375,1710
106,69.725,1711
107,0.0,1712
107,1.13,1713
107,5.066,1714
107,9.167,1715
107,14.847,1716
107,17.55,1717
107,20.36,1718
107,24.61,1719
107,29.998,1720
107,34.203,1721
107,35.251,1722
107,46.438,1723
107,46.858,1724
107,49.02,1725
107,50.588,1726
108,0.586,1557
108,3.615,1727
108,5.86,1728
108,10.09,1729
108,14.704,1730
108,20.232,1731
108,24.25,1732
108,27.479,1733
108,31.016,1734
108,34.927,1735
108,39.154,1736
108,43.82,1737
108,45.835,1711
108,48.203,1738
108,51.172,1739
108,54.007,1740
108,58.133,1741
108,60.511,1742
108,64.332,1743
108,66.231,1744
108,68.258,1745
108,70.552,1746
108,75.707,1747
108,78.308,1748
108,81.477,1749
108,83.479,1750
108,87.738,1751
108,92.426,1752
108,94.672,1753
108,97.943,1754
108,103.645,1755
108,106.882,1756
108,107.922,1757
108,113.256,1712
108,114.2,1713
108,117.707,1758
108,121.744,1759
108,124.882,1760
108,128.074,1761
108,130.251,1762
108,133.53,1763
108,141.679,1764
108,149.655,1765
108,157.747,1766
108,161.074,1767
109,0.375,1427
109,1.598,1768
109,3.271,1769
109,4.741,1770
109,5.385,1771
110,0.129,1731
110,1.545,1772
110,2.341,1773
110,3.003,1774
110,4.163,1775
114,0.613,1488
114,1.5,1776
114,2.199,1777
114,5.482,1778
115,0.766,1446
115,1.261,1779
115,3.727,1780
115,4.2,1781
115,9.869,1782
115,12.02,1783
115,14.233,1784
115,14.38,1785
115,16.044,1786
115,20.013,1787
115,24.767,1788
115,29.935,1789
115,34.382,1790
115,37.903,1791
115,40.8,1792
115,43.265,1793
115,48.8,1794
116,0.0,1795
116,2.972,1645
116,16.77,1644
117,0.0,1593
117,1.51,1796
117,5.887,1797
117,7.467,1798
117,11.218,1799
117,14.362,1800
117,17.483,1665
117,19.231,1801
117,21.978,1802
117,23.986,1803
117,27.75,1804
117,30.512,1805
117,33.766,1806
117,36.938,1807
117,39.0,1808
117,41.976,1809
117,44.095,1810
117,48.007,1811
117,50.097,1812
117,52.294,1813
117,57.095,1814
117,58.463,1815
118,0.305,476
118,3.279,1816
118,5.138,1817
118,6.64,1534
118,7.575,1818
118,8.274,1819
118,10.09,1820
118,10.551,1821
118,11.29,1822
118,11.941,1823
119,0.001,1478
119,2.524,1824
120,0.001,1483
120,2.117,1825
121,0.0,1486
121,1.28,1826
121,2.3,1827
123,0.001,1483
123,2.545,1825
124,0.001,1486
124,0.942,1826
124,1.8,1827
125,0.001,1478
125,2.664,1824
126,0.618,1490
126,1.928,1828
126,3.514,1829
126,4.502,1830
126,4.804,1831
126,7.154,1832
127,27.405,1833
127,30.143,1834
127,33.882,1835
128,27.405,1833
128,30.143,1834
129,35.829,1835
129,40.375,1836
130,37.321,1835
130,44.6,1837
130,47.966,1838
131,5.9,1839
131,8.984,1840
131,12.21,1841
131,17.365,1842
131,20.056,1843
131,22.58,1844
131,23.04,1845
131,25.591,1846
131,27.405,1833
131,30.143,1834
131,33.882,1835
131,40.22,1836
131,44.6,1837
131,47.966,1838
131,53.965,1847
131,54.655,1848
131,59.678,1849
131,67.099,1850
131,69.439,1851
131,79.585,1852
131,89.209,1853
131,101.335,1854
131,113.248,1855
131,119.931,1856
131,124.172,1857
131,131.21,1858
131,136.465,1859
131,146.56,1860
131,152.918,1861
131,157.112,1862
131,167.509,1863
131,168.803,1864
131,173.653,1865
131,179.639,1866
131,191.082,1867
131,203.216,1868
131,213.089,1869
131,221.501,1870
131,229.491,1871
131,240.456,1872
131,243.973,1873
131,251.281,1874
131,260.679,1875
131,271.912,1876
131,283.964,1877
131,294.614,1878
131,300.904,1879
131,306.285,1880
131,317.048,1881
131,321.04,1882
131,324.936,1883
131,331.651,1884
131,337.871,1885
131,346.082,1886
131,351.085,1887
131,354.516,1888
131,362.52,1889
131,366.22,1890
131,370.31,750
131,372.55,1891
131,379.848,1892
131,389.807,1893
131,397.344,1894
131,403.691,1895
131,410.863,1896
131,422.552,1897
131,438.565,1898
131,449.586,1899
131,457.25,1900
131,463.404,1901
131,467.34,1902
131,472.106,1903
131,477.619,1904
131,485.155,1905
131,487.083,1906
131,492.328,1907
131,494.077,1908
131,498.16,541
132,17.365,1842
132,20.052,1909
132,23.16,1910
132,40.11,1911
132,44.767,1912
132,49.92,1913
132,53.837,1914
132,56.249,1915
132,59.118,1916
132,66.931,1917
132,73.004,1918
132,80.523,1919
132,84.585,1920
132,95.769,1921
132,99.322,1922
132,101.331,1923
132,102.085,1924
132,107.03,1925
132,112.385,1926
132,119.858,1927
132,124.37,1928
132,124.715,1929
132,130.041,1930
132,139.447,1931
132,148.076,1932
132,154.513,1933
132,161.866,1934
132,167.205,1935
132,170.974,1936
132,173.124,1937
132,175.726,1938
132,181.041,1939
133,0.0,68
133,3.677,1940
133,7.537,1941
133,10.7,1942
133,13.276,1943
133,15.81,1944
133,18.949,1945
133,20.877,1946
133,26.091,1947
133,31.716,1488
133,36.791,1948
133,41.09,1949
133,45.436,1950
133,51.634,1951
133,57.515,1952
133,59.76,1953
133,61.954,1954
133,63.304,1534
133,65.729,1817
133,67.53,1816
133,70.494,476
134,0.221,1944
134,2.852,1955
134,7.532,1956
134,12.21,1957
135,0.0,1958
135,1.977,1959
135,5.309,1911
136,0.0,1960
136,2.268,1961
136,5.747,1962
136,6.444,1963
136,10.375,1964
136,15.747,1965
136,21.38,1966
136,25.634,1967
136,31.404,1968
136,34.829,1969
136,37.56,1921
137,0.381,78
137,2.528,1970
137,6.166,1839
137,8.413,1971
137,11.74,1972
137,14.068,1973
137,18.926,1974
137,27.1,1975
137,28.53,1976
137,32.985,1958
137,37.4,1977
137,41.648,1978
137,49.056,1979
137,55.7,1980
137,61.623,1981
137,64.162,1960
137,65.543,1982
137,68.37,1983
137,70.155,1984
137,73.772,1985
137,79.619,1986
137,88.597,1987
137,97.739,1988
137,104.144,1989
137,104.565,1990
137,111.204,1991
137,118.406,1992
137,123.6,1993
137,127.228,1994
137,132.0,1995
137,139.075,1996
137,144.846,1997
137,147.933,1998
137,150.885,1999
137,155.804,2000
137,158.93,2001
137,166.107,2002
137,172.123,2003
137,177.22,2004
137,187.08,2005
137,196.991,2006
137,199.627,2007
137,208.815,2008
137,215.552,2009
137,219.952,2010
137,226.796,2011
137,228.652,2012
137,229.833,2013
137,232.1,2014
137,236.765,2015
137,242.065,2016
137,247.227,2017
137,251.83,2018
137,253.624,2019
137,262.333,2020
137,265.426,2021
137,265.427,2022
137,266.04,2023
137,268.307,2024
137,269.27,2025
137,271.731,2026
137,277.642,2027
137,280.494,2028
137,282.214,2029
137,283.905,2030
138,0.526,1495
138,4.242,2031
138,8.531,2032
138,11.944,2033
138,15.485,2034
138,18.309,2035
138,20.1,2036
138,22.948,1957
138,26.255,2037
138,27.505,76
138,30.243,77
138,32.97,78
139,0.379,78
139,3.193,2038
139,3.77,2039
139,6.08,2040
139,7.753,2041
139,11.483,2042
139,14.044,2043
139,16.97,2044
139,20.12,2045
139,25.556,2046
139,31.597,2047
139,35.918,2048
139,39.531,2049
139,40.865,2050
139,42.435,2051
139,44.203,1502
139,46.955,2052
139,48.749,2053
139,50.51,2054
139,52.216,2055
139,54.348,2056
139,55.713,1815
139,57.3,2057
139,59.586,2058
139,61.476,2059
139,64.296,2060
139,68.257,2061
139,69.916,2062
139,72.777,2063
139,76.479,1610
139,78.132,2064
139,80.435,2065
139,83.51,2066
139,85.156,2067
139,86.865,2068
139,89.461,2069
139,92.7,2070
139,95.275,2071
139,98.235,2072
139,100.0,2073
139,101.75,2074
139,101.758,2075
139,104.813,2076
139,108.008,2077
139,110.104,2078
139,113.354,2079
139,113.785,2080
140,0.66,2040
140,1.66,2041
140,5.861,2081
140,8.75,2082
140,12.886,2083
140,14.866,2084
140,18.63,2085
140,21.688,2086
140,26.049,2087
140,27.819,2088
140,31.776,2089
140,35.032,2090
140,37.679,2091
140,39.702,2092
140,43.383,2093
140,44.82,2094
140,46.932,2095
140,50.008,2096
140,53.756,2097
140,56.138,2098
140,58.022,2099
140,59.086,2100
140,62.192,2101
140,65.383,2102
140,67.097,2103
141,0.0,2040
141,1.999,2104
141,5.025,2105
141,6.643,2106
141,10.386,2107
141,13.396,2108
141,16.681,2109
141,17.96,2110
141,21.25,2111
141,25.564,1975
142,0.757,2040
142,1.81,2112
142,2.901,2113
142,8.344,2114
142,12.247,2043
142,15.172,2044
143,0.842,1838
143,7.405,2115
143,13.32,2116
143,19.258,1231
143,24.365,2117
143,29.604,2118
143,34.996,2119
143,43.46,2120
143,50.137,2121
143,55.201,2122
143,61.756,2123
143,65.531,2124
143,70.122,2125
143,74.708,2126
143,82.168,2127
143,87.208,2128
143,94.271,2129
143,100.469,2130
143,106.465,2131
143,111.089,2132
143,119.873,2133
143,124.588,2134
143,133.69,2135
143,137.017,2136
143,141.717,2137
143,147.628,2138
143,153.742,2139
143,156.609,2140
143,160.536,2141
143,161.921,2142
143,162.5,2143
143,163.0,2144
143,163.53,2145
144,0.183,1835
144,2.92,2146
144,6.209,2147
144,14.609,2148
144,20.819,2149
144,26.297,2150
144,29.885,2151
144,34.505,2152
144,42.295,2153
144,44.474,1235
144,47.56,2154
144,52.459,2155
144,55.357,2156
144,62.575,2157
144,65.432,2158
144,68.154,2159
144,73.769,2160
144,75.924,1922
145,0.571,1841
145,7.65,2161
145,9.784,2162
145,12.804,2163
145,17.525,1833
146,0.0,48
146,2.837,2164
146,7.463,2165
146,10.547,2166
146,13.412,2167
146,20.294,2168
146,24.197,2169
146,27.553,2170
146,29.45,2171
146,34.695,2172
146,39.776,2173
146,48.392,1857
147,0.0,1910
147,7.92,2174
147,13.063,1975
148,0.0,2048
148,5.025,2175
148,7.621,2176
148,14.77,2177
148,16.2,2178
148,17.721,2179
148,18.096,2180
148,20.565,2181
148,21.873,2182
148,26.04,2183
148,29.581,2184
148,32.508,2185
148,35.702,2092
149,0.281,2109
149,1.715,2186
149,4.695,2187
149,5.822,2188
149,11.872,2189
149,18.468,2190
149,22.935,2089
150,0.2,2051
150,2.619,1502
150,7.0,2191
150,9.742,1505
150,13.449,1506
151,0.0,1960
151,4.154,2192
151,4.527,2193
151,6.855,2194
151,13.24,2195
151,18.039,2196
151,21.382,2197
151,22.982,2103
151,28.088,2198
151,32.226,2199
151,41.306,2200
151,44.973,2201
151,48.007,2202
151,50.79,2203
151,52.568,2204
151,53.864,2205
152,5.018,1912
152,10.74,2206
152,22.21,2207
152,24.65,2208
152,36.625,2209
152,40.416,1231
153,0.0,2206
153,12.254,2210
153,19.426,1979
154,0.0,64
154,7.717,2211
154,20.297,2212
155,0.001,1220
155,2.057,2213
155,10.567,54
156,0.0,1246
156,9.75,2214
156,11.299,1944
157,0.0,2215
157,2.32,2216
157,5.552,2217
157,11.279,1506
157,12.65,2218
157,13.0,2219
157,15.14,2220
157,19.747,2221
157,23.349,2222
157,23.72,2223
158,0.0,2093
158,1.763,2224
158,3.147,2225
158,3.697,2226
158,6.462,2227
158,7.828,2228
158,13.32,2229
158,17.654,2230
158,20.514,2231
158,23.839,2203
158,25.035,2204
159,13.991,2182
159,15.813,2232
159,17.62,2233
159,20.957,2234
159,24.397,2235
159,26.354,2215
160,275.014,63
160,280.654,64
160,291.679,68
161,0.001,2236
161,2.662,2237
161,6.152,2238
161,12.126,1841
162,0.423,1250
162,3.237,1940
163,0.0,1251
163,4.528,1943
164,0.01,1839
164,2.82,2239
164,5.369,2106
165,0.0,1909
165,0.938,1843
167,1.425,1976
167,3.175,2240
168,0.501,1975
168,1.425,1976
168,5.785,1958
169,0.0,2044
169,4.524,2241
169,6.41,2242
169,7.711,2243
169,9.96,2244
169,10.695,2245
169,12.88,2246
169,14.668,2247
169,17.067,2086
171,3.908,2212
171,6.833,2248
171,12.29,1249
171,16.224,1942
171,20.746,2249
171,24.549,1253
171,30.097,2250
171,35.28,2251
171,41.693,2104
172,-0.084,2188
172,4.247,2252
172,4.247,2252
173,0.0,2092
173,6.03,2253
173,12.594,2099
174,-0.196,1960
174,1.381,1982
175,30.078,1917
175,35.35,2254
175,35.802,2255
175,40.728,2256
175,43.903,2257
175,48.458,2258
175,51.726,1235
175,58.105,2259
175,65.074,2260
175,75.477,2261
175,81.635,2262
175,85.78,2263
175,89.006,2125
177,0.0,2199
177,8.045,2264
177,12.342,2265
177,24.372,2266
177,37.7,2267
179,0.648,2044
179,2.348,2268
179,2.853,2269
179,3.282,2270
179,3.73,2271
179,11.678,2272
179,16.16,2273
179,20.275,2274
179,25.8,2034
180,0.068,1942
180,8.41,1956
180,15.387,2035
181,0.0,1851
181,10.29,2275
181,18.619,2276
181,27.687,2277
181,33.644,2278
181,39.511,2279
181,46.691,2280
181,51.552,2281
181,60.079,2282
181,63.032,2283
181,72.258,2284
181,78.52,2285
181,86.737,2286
181,88.555,2287
181,90.855,2288
181,93.286,2289
181,96.57,2290
181,102.606,2291
181,110.097,2292
181,116.56,2293
181,119.52,2294
181,123.222,2295
181,128.935,2296
181,134.147,2297
181,137.558,2298
181,142.082,2299
181,148.628,2135
182,0.0,1835
182,6.5,2300
182,8.126,2301
182,18.256,2302
182,22.193,2303
182,30.201,2304
182,37.217,2305
182,42.55,2306
182,44.949,63
183,0.0,68
183,3.91,2307
183,8.369,2308
186,274.856,63
186,280.654,64
186,284.49,65
186,286.713,66
186,289.447,67
186,291.721,68
187,3.6,2309
187,5.323,2310
187,7.5,1972
187,8.938,2311
188,20.301,1909
188,23.16,1910
189,0.0,1972
189,1.616,2311
189,6.21,1910
190,0.0,1815
190,1.516,2312
190,1.965,2313
190,3.366,2314
190,5.336,2315
190,7.242,2316
190,10.771,2317
190,12.47,2318
190,14.774,2319
190,18.653,2320
190,22.186,2223
190,24.766,2321
190,28.448,2322
190,30.085,2323
190,32.711,2324
190,37.765,2325
190,38.622,1423
190,40.181,2326
191,0.0,2322
191,5.383,2327
191,6.783,2328
191,8.024,2329
191,9.662,2330
191,13.111,2331
191,14.61,2332
191,16.2,2333
191,17.922,2334
191,19.71,2335
194,0.177,2265
194,8.645,2336
199,49.056,1979
199,55.702,1980
199,61.623,1981
199,64.135,1960
200,0.4,1975
200,4.337,2111
200,5.209,2337
200,6.831,2338
201,0.0,1886
201,4.338,2339
201,10.077,2340
201,21.346,747
201,24.178,749
201,33.472,1892
201,41.658,2341
201,45.897,2342
201,50.306,2343
201,53.45,2344
201,56.621,2345
201,60.05,2346
201,63.325,2347
201,71.349,2348
201,74.65,2349
201,78.29,2350
201,84.369,2351
201,88.954,2352
201,94.37,2353
201,102.935,2354
201,105.557,2355
201,111.194,2356
201,116.699,2357
201,124.54,2358
201,126.296,2359
201,131.875,2360
201,137.344,2361
201,142.563,2362
201,149.367,2363
201,153.662,2364
201,156.2,2365
201,160.906,2366
201,162.817,2367
201,166.34,2368
201,170.583,2369
201,174.511,2370
201,175.518,2371
201,177.922,2372
201,178.823,2373
201,181.568,2374
201,184.324,2375
201,188.6,2376
201,194.215,2377
201,195.583,2378
201,201.745,2379
201,204.702,2380
201,206.018,2381
202,0.0,551
202,4.18,2382
202,8.008,2383
202,11.661,2384
202,15.896,2385
202,20.992,2380
202,26.172,2386
202,31.849,2387
202,35.536,2388
202,38.204,2389
202,41.04,2390
202,42.66,2391
202,43.995,2392
202,48.608,2393
202,54.566,2394
202,59.411,2395
202,63.653,2396
202,70.508,2397
202,76.44,2398
202,79.745,2399
202,85.65,2400
202,87.814,2401
202,98.464,2402
202,103.0,2403
202,105.99,2404
202,112.654,2405
202,122.254,2406
202,131.173,2407
202,139.582,2408
202,144.37,2409
202,149.208,2410
202,158.23,2411
202,167.217,2412
202,178.311,2413
202,186.607,2414
202,198.301,2415
202,202.868,2416
202,207.222,2417
202,207.81,2418
202,212.009,2419
202,217.231,2420
202,222.634,2421
202,230.522,2422
202,239.058,2423
202,246.16,2424
202,255.108,2425
202,266.003,2426
202,269.671,2427
202,276.708,2428
202,284.313,2429
202,288.718,2430
202,294.421,2431
202,305.886,2432
202,310.935,2433
202,316.654,2434
202,321.476,2435
202,326.251,2436
202,333.678,2437
203,0.0,541
203,2.125,2438
203,3.62,2439
203,5.423,2440
203,12.796,2441
203,17.456,2442
203,23.972,2443
203,32.701,2444
203,35.956,2445
203,39.413,2446
203,42.27,2447
203,46.926,2448
203,51.496,2449
203,56.106,2450
203,59.878,2451
203,66.983,2452
203,74.693,2453
203,75.066,2454
203,80.768,2455
203,84.126,2456
203,89.226,2457
203,96.227,2458
203,104.196,2459
203,107.983,2460
203,115.082,2461
203,126.413,2462
203,138.28,2463
203,147.136,2464
203,156.031,2465
203,161.457,2466
203,167.299,2467
203,176.04,2468
203,179.542,768
203,183.297,2469
203,188.412,2470
203,197.39,2471
203,202.073,2472
203,209.269,2473
203,214.024,2474
203,226.431,2475
203,237.939,2476
203,245.062,2477
203,251.027,2478
203,261.533,2479
203,268.223,2480
203,271.508,2481
203,276.333,2482
203,283.884,2483
203,291.137,2484
203,293.28,2485
203,295.64,2486
203,297.071,2487
203,300.492,2488
203,304.911,2489
203,308.214,2490
203,313.775,2491
203,321.017,2492
203,329.619,2493
203,334.971,2494
203,340.562,2495
203,342.453,2496
204,0.171,536
204,4.948,2497
204,5.586,2498
204,10.995,2499
204,14.295,2500
204,18.702,2501
204,26.551,2502
204,28.954,2503
204,37.191,2504
204,41.436,2505
204,49.694,2506
204,53.805,2507
204,60.769,2508
204,65.572,2509
204,69.134,2510
204,71.204,2511
204,75.046,2512
204,78.964,2513
204,83.712,2514
204,90.671,2515
205,47.602,2516
205,52.892,2517
205,57.972,2518
206,0.701,1881
206,3.755,2519
206,5.865,2520
206,11.766,2521
206,15.158,2522
206,16.901,2523
206,19.525,2524
206,20.09,2525
206,23.11,2526
206,30.176,2527
206,37.758,2528
207,0.0,939
207,2.5,2529
207,4.288,2530
207,7.53,2531
207,10.467,2532
207,15.556,2533
207,19.172,2534
207,26.955,2535
207,30.365,2536
207,33.732,2537
207,40.48,2538
207,45.325,2539
207,50.837,2540
207,55.837,2541
207,57.367,2542
207,63.847,2543
207,70.422,2544
207,77.354,2545
207,81.235,2546
207,87.387,2547
207,90.172,2548
207,95.796,2549
207,104.289,2550
207,109.005,2551
207,116.092,2552
207,119.947,2553
207,125.663,2554
207,133.464,536
208,0.0,512
208,4.515,2555
208,7.832,2556
208,11.15,2557
208,22.956,2558
208,24.408,2559
208,30.175,2560
208,35.258,2561
208,40.104,2562
208,50.878,2563
208,55.256,1048
208,63.049,2564
208,71.089,2565
208,78.56,2566
208,85.904,2567
208,88.525,2568
208,90.99,2569
208,94.931,2570
208,100.108,2571
208,108.845,2542
208,112.366,2572
208,114.733,2573
208,117.951,2574
208,122.848,2575
208,127.383,2576
208,130.363,1897
208,136.509,2577
208,142.755,2578
208,145.788,2579
208,149.93,2580
208,156.743,2348
208,159.227,2581
208,163.98,2582
208,175.873,2583
208,183.22,2584
208,186.647,2585
208,190.324,2586
208,194.066,2587
208,200.377,2458
209,49.765,2588
209,55.001,2589
209,62.275,2590
209,70.075,2534
209,74.298,2591
209,78.274,2592
209,80.85,2593
209,85.11,2594
209,88.965,2595
209,92.867,2596
209,98.57,2597
209,104.078,2598
209,105.586,2599
209,107.419,2600
209,109.12,747
210,0.0,2458
210,7.125,2601
210,14.746,2602
210,25.93,2603
210,31.49,2604
210,38.507,2605
210,45.199,2606
210,53.692,2607
210,56.737,2608
210,61.184,2609
210,67.781,2610
210,77.755,2611
210,86.924,2612
210,92.502,2613
210,98.233,2614
210,105.017,2615
210,109.829,2616
210,113.787,2617
210,118.335,2618
210,122.29,2619
210,127.013,2620
210,130.447,2621
210,139.056,2622
210,145.507,2623
210,149.365,2430
211,0.673,2458
211,7.65,2624
211,19.712,2625
211,23.209,2626
211,26.598,2627
211,32.608,2628
211,37.21,2629
211,42.078,2630
211,45.938,2631
211,49.189,2632
211,52.612,2633
211,59.52,2634
211,62.597,2635
211,69.32,2361
212,29.84,2636
212,35.01,2637
212,43.1,2638
212,47.88,2639
212,53.58,2640
212,57.94,2641
212,63.39,2642
212,72.185,2643
213,0.0,2388
213,4.758,2644
213,8.853,2645
213,11.289,2646
213,15.986,2647
213,17.44,2648
213,20.997,2649
213,26.718,2650
213,28.232,2651
213,34.81,2652
213,40.391,2653
213,46.375,2654
213,48.024,2655
213,50.917,2656
213,61.669,2657
214,0.0,2367
214,3.45,2658
214,7.578,2659
215,0.0,1897
215,3.679,2660
215,7.899,2661
215,12.248,2662
215,17.749,2663
215,23.764,2664
215,28.43,2665
215,31.388,2666
215,33.944,2667
215,36.947,2668
215,40.607,2669
215,44.054,2670
215,49.932,2671
215,55.197,2452
215,69.201,2672
215,77.763,2357
216,0.0,512
216,11.201,2673
216,14.726,2674
216,24.385,2675
216,33.34,2676
216,38.82,2677
216,42.895,2678
216,52.968,2679
216,57.96,2680
216,64.024,2681
216,68.688,2682
216,72.489,2683
216,78.186,2684
216,78.266,2685
216,78.71,2686
216,81.117,2687
216,82.225,2688
216,83.283,2689
217,40.19,2690
217,40.2,2510
217,42.27,2511
217,46.1,2691
217,47.676,2512
217,47.68,2692
217,49.93,2513
217,54.778,2514
217,61.75,2515
218,32.015,530
218,36.834,2693
218,42.398,2694
218,46.274,2695
218,52.989,2549
219,0.919,2689
219,8.2,2696
219,16.691,2697
219,26.691,2698
219,34.19,2699
219,44.946,1069
219,52.293,2700
219,55.409,2701
219,60.511,2702
219,63.454,2703
219,69.687,2704
219,82.436,2705
219,85.785,2706
219,94.175,2707
219,95.512,2708
219,102.101,2709
219,104.533,2710
219,110.975,2711
219,116.657,2712
219,120.811,2713
219,130.068,2714
219,134.532,2715
219,142.379,2716
219,150.07,2717
219,154.802,2718
219,155.413,1110
219,156.949,1111
220,0.0,2689
220,1.045,2688
220,2.166,2687
220,3.676,2719
220,4.343,2720
220,5.426,2721
220,8.049,2722
220,15.278,2723
220,18.371,2724
220,22.157,2725
220,27.486,2726
220,31.709,2727
220,37.151,2728
220,43.376,2729
220,45.302,2730
220,51.64,2731
220,58.187,2732
220,65.393,2733
220,72.793,2734
220,76.456,2735
220,85.081,2505
221,0.0,2722
221,9.217,2736
221,14.234,2737
221,17.8,2738
221,22.966,2739
221,29.465,2740
221,32.565,2741
221,37.297,2742
221,45.124,2743
221,51.858,2744
221,60.368,2745
221,64.655,2746
221,69.973,2747
221,74.15,2748
221,78.42,2749
221,87.505,2514
223,0.212,2750
223,7.527,2751
223,11.121,2752
223,16.289,2753
223,22.903,2754
223,28.942,2755
223,34.078,2756
223,41.42,2757
223,46.171,2758
223,51.206,2759
223,56.731,2760
223,61.916,2761
223,65.513,2762
223,70.049,2763
223,75.433,2764
223,80.565,2765
223,86.032,2766
223,94.338,2767
223,100.424,2768
223,106.18,2769
223,110.372,2770
223,113.954,2771
223,118.586,2772
223,121.27,1111
225,0.669,2675
225,7.571,2773
225,17.701,2774
225,26.463,2775
225,33.823,2776
225,42.182,1065
226,0.0,547
226,4.983,2777
226,10.255,2778
226,13.607,2779
227,0.672,551
227,4.424,2780
228,0.0,2387
228,5.869,2381
228,11.226,2781
229,0.0,547
229,1.89,2782
229,2.0,2783
229,3.0,2784
229,4.536,2785
229,7.122,2786
229,8.811,2787
229,12.151,2788
229,15.668,2789
229,16.44,2790
229,18.97,2791
229,22.468,2792
229,24.893,2793
229,29.492,2794
229,31.193,2370
229,36.529,2795
229,40.863,2659
229,47.856,2796
229,51.227,2797
229,54.858,2798
229,57.1,2799
229,60.6,2800
229,66.483,2801
229,72.038,2802
229,76.56,2803
229,79.753,2804
229,85.116,2805
229,86.333,2806
229,88.878,2807
229,101.266,2399
229,103.832,2808
229,105.525,2809
229,109.427,2810
229,116.968,2811
229,120.915,2812
229,128.39,2813
229,133.644,2814
230,0.0,2392
230,2.106,2815
230,4.779,2816
230,7.39,2817
230,9.939,2818
230,12.317,2819
230,14.499,2820
230,16.679,2821
230,20.378,2822
230,23.314,2823
230,25.05,2824
230,27.015,2825
230,29.529,2826
230,32.417,2827
230,34.765,2828
230,37.606,2829
230,42.387,2830
230,46.405,2831
230,49.795,2832
230,52.369,2833
230,55.107,2834
230,59.762,2835
230,63.436,2810
231,0.0,1881
231,2.139,2836
231,8.267,2837
231,11.924,2838
234,11.848,2839
234,14.858,2840
234,19.292,2793
235,8.147,2841
235,9.203,2376
236,77.565,2842
236,82.943,2843
236,87.964,2844
236,96.239,2845
236,109.131,2846
236,116.818,2847
236,131.311,2848
236,135.622,2849
237,0.405,2399
237,1.323,2850
237,2.483,2851
237,8.376,2852
237,11.4,2853
238,65.158,2854
238,68.899,2855
238,75.595,1900
240,2.517,2856
240,4.531,2857
240,6.785,1896
241,0.0,2583
241,7.962,2858
241,12.097,2859
241,16.51,2860
241,22.673,2861
241,27.377,2862
241,32.543,2863
241,36.097,2864
241,43.103,2865
243,15.735,2866
243,20.609,2867
243,23.987,2443
244,0.0,1902
244,5.848,2868
244,9.14,2869
244,11.239,2870
245,0.064,734
245,3.776,2871
245,6.832,2872
246,0.0,939
246,2.49,2529
246,6.061,2873
246,12.792,2874
248,0.0,2382
248,2.193,2875
248,3.83,2876
248,5.282,2877
248,5.546,2878
248,7.374,2879
248,8.861,2880
248,9.211,2881
248,11.666,2882
248,12.801,2883
248,14.572,2884
248,15.634,2885
248,15.988,2886
248,18.246,2376
249,0.556,551
249,1.043,2887
249,2.31,2888
249,3.693,2889
249,3.96,2890
249,4.461,2780
249,6.498,2891
250,-1.013,2892
250,0.08,551
250,1.074,2887
250,2.505,2893
250,4.18,2382
250,5.437,2894
250,6.973,2895
250,8.031,2896
250,9.275,2897
250,10.528,2898
250,11.68,2384
250,13.502,2899
250,15.71,2900
250,17.557,2901
250,19.37,2902
250,20.992,2380
250,21.834,2903
250,23.643,2904
250,25.012,2905
250,26.172,2386
250,27.246,2906
250,27.72,2907
250,30.262,2908
250,31.849,2387
253,0.001,2885
253,1.21,2376
254,0.111,2502
254,4.357,2909
254,4.73,2910
254,8.959,2911
254,10.969,2912
254,14.075,2913
254,15.47,2914
254,17.462,2915
254,19.202,2916
254,20.156,2917
254,24.432,2918
254,31.312,2919
254,36.0,2920
254,42.402,2921
254,45.734,2922
254,48.201,2514
256,0.0,539
256,3.1,538
256,4.92,2923
256,8.34,2924
256,12.566,2925
256,19.48,2926
256,24.647,2927
259,0.71,1121
259,2.513,2928
259,2.513,2928
259,5.005,2929
259,8.5,2930
259,9.87,2931
259,16.154,2932
259,21.06,2933
259,27.222,2934
260,0.01,2935
260,4.156,543
260,6.024,544
260,9.02,545
260,11.691,546
260,14.593,547
265,0.07,2935
265,0.35,542
265,4.149,543
271,0.0,1939
271,2.048,2936
271,3.971,2145
271,4.6,2144
271,5.189,2937
271,6.397,2938
271,9.718,2939
271,13.72,2940
271,16.007,2941
271,19.608,2942
271,26.376,2943
271,31.29,2944
271,36.832,2945
271,47.151,2946
271,51.8,2947
271,55.58,2948
271,63.062,2949
271,75.311,2950
271,81.732,2951
271,85.707,2952
271,86.113,2953
271,95.798,653
271,103.97,2954
271,107.898,2955
271,112.546,2956
271,116.662,2957
271,117.277,2958
271,122.707,2959
271,128.073,2960
271,132.946,2961
271,138.767,2962
271,142.15,2963
271,146.091,2964
271,149.743,2965
271,152.255,2966
271,157.933,2967
271,160.758,2968
271,163.753,202
272,0.0,2125
272,2.811,2969
272,6.339,2970
272,11.423,2971
272,16.123,2972
272,23.258,2973
272,30.292,2974
272,35.606,2975
272,40.917,2976
272,42.935,2977
272,47.122,2978
272,58.109,2979
272,67.051,2980
272,70.562,2981
272,77.301,2982
272,81.736,2983
272,86.254,631
272,90.345,2984
272,96.392,2985
272,102.772,2986
272,107.817,2987
272,114.042,2988
272,120.389,2989
272,126.991,2990
272,133.574,2991
272,140.972,2992
272,149.318,2993
272,154.216,2994
272,157.564,2995
272,167.035,2996
272,176.471,2997
272,181.802,2998
272,185.341,2999
272,191.622,3000
272,196.001,3001
272,197.643,3002
272,200.903,202
273,0.0,1939
273,2.048,2936
273,4.956,3003
273,5.232,3004
273,7.184,3005
273,8.629,3006
273,13.042,3007
273,20.457,3008
273,23.035,3009
273,26.097,3010
273,30.321,3011
273,35.365,3012
273,40.369,3013
273,51.885,3014
273,54.553,3015
273,58.72,3016
273,65.577,3017
273,74.621,3018
273,77.651,3019
273,87.53,3020
273,94.303,3021
273,96.768,3022
273,99.095,659
273,105.425,3023
273,108.24,3024
273,110.805,3025
273,113.442,3026
273,118.708,3027
273,130.675,3028
273,138.64,3029
273,144.848,3030
273,148.505,3031
273,149.238,3032
273,153.858,3033
273,161.047,3034
273,164.078,3035
273,166.545,3036
273,169.42,3037
273,173.165,3038
273,176.368,3039
273,179.814,3040
273,189.52,3041
273,194.643,3042
273,201.93,3043
273,207.904,3044
273,217.356,3045
273,227.38,3046
273,228.086,3047
273,231.256,3048
273,235.289,3049
273,238.994,3050
273,245.085,3051
273,247.039,3052
273,254.295,3053
273,255.485,2495
273,266.73,3054
273,274.231,3055
273,279.663,3056
273,284.325,3057
273,289.539,3058
273,293.417,3059
273,300.567,3060
273,307.499,3061
273,314.856,3062
273,318.966,3063
273,324.746,3064
273,329.448,3065
273,334.406,3066
273,337.78,3067
273,338.117,3068
273,340.752,3069
273,347.055,3070
273,348.178,3071
273,354.535,3072
273,355.489,3073
273,355.818,3074
274,0.388,3075
274,1.563,3076
274,3.406,3077
274,5.201,3078
274,8.405,3079
274,10.46,3080
274,14.786,3081
274,20.365,3082
274,28.733,3083
274,29.61,3084
274,35.848,3085
274,41.025,3086
274,42.612,3087
274,48.135,2015
274,57.541,3088
274,65.93,3089
274,69.806,3090
274,71.45,3091
274,72.5,3092
274,74.566,3093
274,78.912,3094
274,83.87,3095
274,85.513,3096
274,88.352,3097
274,92.892,3098
274,98.843,3099
274,105.182,3100
274,107.877,3101
274,113.58,3102
274,117.0,3103
274,120.753,3104
274,125.808,3105
274,127.125,3106
274,136.333,3107
274,142.062,3108
274,146.722,3109
274,147.6,3110
274,151.844,3111
274,157.432,3112
274,163.412,3113
274,165.963,3114
274,169.72,3115
274,177.79,3116
274,180.457,3117
274,184.037,3118
274,188.53,3119
274,191.85,3120
274,192.999,3121
274,197.383,3122
274,201.433,3123
274,202.455,3124
275,5.232,3004
275,6.812,3125
275,9.495,3126
275,13.577,3127
275,20.734,3128
275,24.433,3129
275,29.618,3130
275,33.344,3131
275,33.783,3132
275,42.706,3133
275,52.223,3134
275,54.95,3135
275,61.298,3136
275,65.113,2030
275,70.75,3137
275,74.572,3138
275,81.8,3139
275,88.892,3140
275,96.043,3141
275,100.51,3142
275,106.125,3143
275,113.233,3144
275,128.31,3145
275,139.527,669
275,143.03,3146
275,155.769,3147
275,172.78,3148
275,196.915,3149
276,0.0,1939
276,5.557,3150
276,6.266,3151
276,9.032,3152
276,14.374,3153
276,20.825,3154
276,26.122,3155
276,31.998,3156
276,36.987,3157
276,38.635,3158
276,43.83,3159
276,51.256,3160
276,57.565,3161
276,66.809,3162
276,71.886,2004
276,77.302,3163
276,82.545,3164
276,84.439,3165
276,90.4,3166
276,93.481,3167
276,95.409,3168
276,97.573,3169
276,100.362,3170
276,104.76,3171
276,111.325,3172
276,112.788,3173
276,118.718,3174
276,121.756,3175
276,124.705,3176
276,129.95,3177
276,136.064,3178
277,0.0,1921
277,6.386,3179
277,7.838,3180
277,11.688,3181
277,15.148,3182
277,18.717,3183
277,22.735,3184
277,28.257,3185
277,35.681,3186
277,40.715,3187
277,43.935,3188
277,47.656,3189
277,51.2,3190
277,54.257,3191
277,59.023,3192
277,62.8,3193
277,67.379,3194
277,70.308,3195
277,70.749,3196
277,75.126,3197
277,77.624,3198
277,82.38,3199
277,85.574,3200
277,85.576,1937
278,0.387,3201
278,13.98,3202
278,15.565,3203
278,16.381,3204
278,22.421,3205
278,24.555,3206
278,26.532,3123
279,0.0,3116
279,9.168,3207
279,12.132,3208
279,21.059,3201
280,0.0,1921
280,4.154,1922
281,0.0,2135
281,2.73,3209
281,4.397,3210
281,8.841,3211
281,17.644,3212
281,24.56,3213
281,32.812,3214
281,36.808,3215
281,41.887,3216
281,50.25,3217
281,54.65,3218
281,56.606,3219
281,63.959,3220
281,67.512,3221
281,72.09,3222
281,78.617,3223
281,84.788,3224
281,87.041,3225
281,94.6,2991
281,101.831,3226
281,105.877,3227
281,112.662,3228
281,121.77,3229
281,126.154,3230
281,130.823,3231
281,136.31,3232
281,142.73,3233
281,146.981,3234
281,150.22,3235
281,153.613,3236
281,160.056,3237
281,164.926,3238
281,171.049,3239
281,175.116,3240
281,179.234,3241
281,184.725,3242
281,189.014,3243
281,194.941,3244
281,198.936,3245
281,206.274,3246
281,209.948,3247
281,216.444,3248
281,221.315,3249
281,226.329,3250
281,230.067,3251
281,235.135,758
281,242.489,3252
281,246.314,3253
281,253.194,3254
281,257.076,3255
281,263.427,3256
281,269.803,3257
281,276.176,3258
281,281.219,3259
281,284.174,3260
281,291.532,3261
281,297.14,3262
281,300.493,3263
281,310.04,2458
282,0.0,3138
282,8.991,3264
282,15.405,3265
282,20.544,3266
282,27.725,3267
282,36.048,3268
282,49.073,3269
282,55.78,3270
282,61.501,3201
282,64.489,3271
282,70.29,3272
282,75.313,3273
282,79.362,3274
282,86.615,3275
282,87.175,3276
282,91.5,3277
282,93.952,3278
282,97.005,3279
282,97.63,3280
282,102.407,670
283,0.104,3105
283,1.866,3281
283,3.56,3282
283,7.237,3283
283,11.227,3284
283,14.815,3285
283,18.004,3286
283,22.951,3287
283,26.695,3288
283,32.636,3289
283,35.711,3290
283,36.32,3291
283,41.23,3292
283,45.894,3293
283,51.618,3294
283,53.315,3295
283,61.03,3269
283,67.134,3296
283,71.549,3297
283,77.526,3298
284,0.0,2030
284,7.259,3299
284,11.22,3300
284,16.106,3301
284,21.282,3302
284,24.276,3303
285,0.0,1939
285,6.842,3304
285,9.421,3305
285,12.8,3306
285,16.174,3307
285,20.593,3308
285,22.829,3309
285,26.033,3310
285,28.767,3311
285,33.127,3312
285,33.408,3313
285,37.559,3314
285,40.314,3315
285,43.262,3316
285,46.245,3317
285,49.9,3318
285,54.91,3319
285,54.978,3320
285,55.994,3321
285,58.003,3322
285,60.736,3323
285,63.563,3324
285,79.194,3325
286,0.0,3167
286,4.615,3326
286,7.61,3327
286,14.067,3328
286,21.664,3329
286,23.836,3330
286,27.075,3331
286,29.009,3332
286,29.417,3333
286,33.189,3334
286,35.21,3335
286,35.679,3336
286,40.11,3337
286,42.263,3338
286,45.036,3339
286,47.727,3340
286,50.99,3094
287,0.354,1924
287,2.934,3341
287,6.609,3342
287,9.866,3343
287,14.508,3344
287,15.486,3345
287,19.72,3346
287,23.135,3347
287,25.341,3348
287,29.149,3349
287,31.988,3350
287,34.927,3351
287,37.61,3352
287,40.6,3353
287,44.397,3354
287,46.4,3355
287,48.753,1996
288,0.237,1996
288,6.467,3356
288,9.409,3357
288,15.075,3358
288,17.687,3359
288,21.438,3360
288,26.677,3361
288,32.594,3362
288,35.907,3363
288,40.197,3364
288,47.404,1931
289,0.198,2030
289,5.764,3365
289,11.649,3366
289,14.575,3367
289,17.59,3368
289,22.329,3369
289,23.733,3370
289,29.06,3371
289,31.613,3372
289,36.298,3018
289,39.065,3019
290,0.292,3120
290,0.85,3373
290,3.373,3374
290,8.333,3375
290,17.514,3376
290,19.704,3377
291,17.706,3095
291,22.5,3378
291,28.033,3379
291,32.563,3380
292,0.487,3196
292,4.066,3381
292,6.236,3382
292,8.48,3383
292,11.44,3384
292,12.88,3385
292,13.863,3386
292,14.922,3387
292,16.894,3388
292,17.812,3389
292,19.526,3390
292,21.447,2140
292,24.516,3391
292,28.773,2939
293,0.129,3392
293,4.688,3393
293,8.361,3394
293,10.347,3395
293,12.873,3396
293,18.461,3397
293,25.092,2125
294,0.0,2267
294,5.27,3398
294,9.569,3399
294,15.354,1988
295,0.523,3201
295,12.54,3400
295,13.424,3401
296,0.001,3136
296,2.165,2029
296,12.684,3138
297,0.0,1994
297,5.952,3402
297,7.386,3403
297,7.561,3404
297,8.579,3405
298,0.0,3406
298,5.41,3099
299,0.308,3406
299,5.395,3407
299,10.148,3408
299,12.794,3409
300,0.451,1922
300,2.173,2160
300,5.077,3179
301,0.057,1922
301,2.203,2160
301,5.569,3410
301,12.491,3411
301,15.081,3412
301,17.56,3413
301,19.747,3392
301,25.883,3414
301,30.24,3415
301,33.099,3416
301,40.012,3417
301,46.094,3418
301,50.382,3419
301,52.507,3420
301,56.529,3421
301,59.939,2131
302,0.0,3133
302,16.053,3422
302,21.2,3423
302,30.29,3424
302,36.304,2017
302,39.906,3425
303,0.0,3140
303,6.46,3426
304,0.148,1931
304,6.431,3427
306,6.184,3428
306,12.11,3429
306,15.122,3430
306,22.05,3431
306,23.867,3432
306,26.252,3433
306,31.146,3434
306,35.258,3435
306,41.658,1991
308,15.882,3436
308,20.101,3437
308,25.132,3438
308,27.766,3439
308,30.377,3440
308,33.59,3441
308,35.519,3442
308,36.621,3443
308,39.986,3105
309,0.098,3169
309,0.82,3444
309,2.885,3445
309,5.656,3446
309,10.274,3447
309,15.977,3448
309,22.137,3449
309,27.445,3450
309,36.101,3451
309,39.967,3452
311,-3.123,3105
311,-2.155,3106
311,1.101,3453
311,2.852,3454
311,5.504,3455
311,7.653,3456
311,9.261,3457
311,11.582,3458
311,13.316,3459
311,17.282,3460
311,22.801,3461
311,25.797,3462
311,28.438,3463
311,31.062,3464
311,37.07,3465
311,43.138,3466
312,33.78,3467
312,33.915,3468
312,36.669,3303
322,-2.553,3169
322,0.231,3170
322,3.515,3469
322,6.772,3470
322,9.3,3471
322,12.221,3472
322,15.349,3473
322,18.724,3474
322,21.046,3475
322,24.323,3476
324,0.001,3376
324,0.689,3477
325,0.0,2266
325,5.492,3478
325,9.247,3479
325,17.826,3480
326,0.0,2139
326,1.127,3481
326,2.65,3482
326,5.597,3483
326,7.543,3484
326,10.423,3485
326,13.216,3486
326,15.696,3487
326,19.736,3488
327,0.0,3489
327,5.101,3328
329,0.0,3345
329,1.928,3490
329,4.443,3491
329,6.866,3492
329,11.106,3493
329,14.549,3494
333,0.0,3402
333,11.225,3495
337,0.0,3116
337,1.562,3496
337,2.927,3497
337,6.057,3498
337,8.081,3499
337,10.315,3500
337,10.831,3501
341,0.075,3502
341,1.365,3503
341,6.123,2008
342,0.0,3303
342,3.189,3504
342,6.277,3505
343,0.0,3402
343,3.307,3506
343,5.65,3507
344,0.096,3375
344,2.812,3508
344,4.918,3509
345,0.252,3406
348,0.03,3510
348,0.2,3511
349,-0.239,1936
349,3.083,3200
349,13.134,3512
349,17.024,3513
349,18.822,3005
351,0.0,202
351,2.898,3514
351,6.531,3515
351,12.909,3516
351,17.743,3517
351,24.283,3518
351,29.0,3519
351,33.04,3520
351,42.387,3521
351,51.109,3522
351,59.464,3523
351,70.118,3524
351,78.005,3525
351,83.728,2476
351,90.125,3526
351,97.148,3527
351,100.675,3528
351,106.651,3529
351,115.364,3530
351,120.828,3531
351,127.319,3532
351,133.628,3533
351,138.74,3534
351,145.694,3535
351,152.868,3536
351,157.26,3537
351,160.94,3538
351,162.997,3539
351,166.605,3540
351,173.305,2437
351,178.009,3541
351,181.311,3542
351,185.715,3543
351,192.057,3544
351,193.77,3545
351,198.491,3546
351,201.165,3547
351,201.929,3548
351,204.079,3549
351,207.928,3550
351,209.627,3551
351,213.264,3074
352,0.0,197
352,2.804,3552
352,4.944,3553
352,9.238,3554
352,11.662,3001
353,0.0,200
353,4.639,3555
353,7.727,3556
353,14.392,3557
353,17.53,3558
353,19.195,3559
353,21.795,3560
353,27.763,3561
353,28.808,3562
353,32.031,3563
353,35.976,3564
353,39.459,3565
353,44.699,3237
353,50.79,3566
353,52.705,3567
353,54.347,3568
353,60.355,3569
353,68.345,3570
353,74.382,3571
353,82.991,3572
353,89.844,3573
353,95.709,2519
353,100.955,1883
353,106.831,3574
353,111.522,3575
353,115.18,3576
353,121.007,3577
353,124.421,3578
353,130.565,3579
353,135.424,738
353,137.141,3580
353,139.092,939
353,145.148,3581
353,149.923,3582
353,154.297,3583
353,156.975,3584
353,161.474,2588
353,168.6,3585
353,175.038,3586
353,184.341,3587
353,193.94,2566
353,202.569,3588
353,207.35,3589
353,213.048,3590
353,221.925,3591
353,229.672,525
353,238.728,3592
353,243.719,3593
353,249.653,3594
353,259.103,3595
353,264.261,3596
353,268.959,3597
353,276.674,3598
353,283.917,3599
353,289.416,3600
353,293.873,2685
353,294.328,2686
353,296.727,2687
353,298.893,2689
353,307.772,3601
353,313.872,3602
353,322.631,3603
353,329.418,2750
353,337.506,3604
353,351.505,3605
353,359.969,3606
353,366.371,1125
353,370.661,3607
353,374.66,3608
353,378.59,3609
353,381.265,3610
353,389.065,2516
354,0.001,3514
354,3.261,3611
354,5.0,3612
354,6.3,3613
354,8.157,3614
354,9.525,3615
354,11.25,3616
354,13.907,3617
354,16.747,3618
354,19.424,3619
354,24.597,3620
354,25.395,3621
354,26.331,3622
354,27.788,3623
354,31.54,3624
354,35.887,3625
354,42.514,2845
354,48.047,3626
354,51.912,3627
354,58.169,3628
354,63.337,3629
354,70.439,3630
354,77.356,3631
354,82.098,3632
354,85.802,3633
354,92.538,768
355,0.0,631
355,5.282,3634
355,10.407,3635
355,13.122,3636
355,17.359,3637
355,20.484,3638
355,25.037,3639
355,30.668,3640
355,33.668,3641
355,38.98,3642
355,47.682,3643
355,53.578,3212
356,0.0,200
356,2.479,3644
356,5.798,3645
356,7.12,3646
356,10.81,3647
356,14.015,3648
356,17.65,3649
356,18.849,3650
356,19.95,3651
356,25.861,3652
356,27.05,3653
356,30.103,3654
356,34.827,3655
356,38.786,3656
356,43.838,3657
356,49.225,3658
356,51.375,2842
356,57.193,3659
356,62.067,3660
356,65.624,3661
356,70.904,3662
356,76.142,3663
356,81.766,3664
356,85.663,3248
356,93.311,3665
356,98.233,3666
356,103.408,3667
356,107.767,3668
356,113.014,3669
356,118.763,3670
356,120.72,3671
356,127.8,750
357,34.606,3672
357,35.327,3673
357,38.858,3674
357,45.39,3675
357,49.383,3676
357,53.489,3677
357,56.475,3678
357,60.386,3679
357,67.769,3680
357,70.965,3681
357,74.623,3682
357,77.497,3683
357,80.698,3684
357,87.66,3685
357,95.467,3686
357,99.997,3687
357,103.348,3688
357,108.208,3689
357,111.587,2967
358,0.0,219
358,1.992,3690
358,9.228,3691
358,20.442,3692
358,26.378,3693
358,40.991,3694
358,43.834,3036
358,48.7,3695
358,51.54,3696
358,56.539,3697
358,66.386,3698
358,76.609,3699
358,88.043,3700
358,93.127,3701
358,94.257,3702
359,0.0,653
359,5.084,3703
359,11.537,3704
359,17.893,3705
359,22.025,3706
359,24.586,3707
359,26.4,3708
359,28.995,3709
359,32.946,3710
359,35.262,3711
359,39.113,3712
359,41.892,3713
359,46.089,3674
359,53.581,3714
359,58.415,3715
359,62.775,3716
359,66.619,3717
359,68.878,217
360,0.265,2991
360,4.773,3718
360,9.295,3719
360,11.998,3720
360,14.152,3721
360,19.885,3722
360,22.095,3723
360,25.62,3724
360,27.773,3725
360,31.981,3726
360,36.071,3727
360,39.642,3728
360,42.969,3729
360,47.585,3730
360,51.251,3731
360,58.436,651
362,0.719,642
362,4.04,3732
362,7.685,3733
362,13.184,3734
362,15.844,3735
362,18.708,3736
362,22.837,3737
362,26.302,3738
362,29.887,3739
362,33.186,2949
363,63.223,3740
363,71.502,3741
363,75.173,3742
363,79.809,3743
363,81.694,3744
363,82.347,3745
363,86.859,3746
363,92.635,3747
364,0.0,3741
364,4.392,3748
364,8.793,3749
364,15.641,3750
364,19.136,3751
364,22.88,3752
364,30.292,3753
364,34.237,3754
364,37.24,3755
364,48.001,3756
364,51.605,3757
364,58.767,3758
364,67.161,3759
364,76.475,3760
364,82.619,3761
364,88.992,230
366,73.657,3762
366,75.198,2959
367,0.0,219
367,5.226,3763
367,9.129,3764
367,13.36,3765
367,15.646,3766
367,19.058,3767
367,29.896,3752
367,31.462,3768
367,36.039,3769
367,41.912,3770
367,48.397,3747
367,56.295,3771
367,60.634,3772
367,65.42,3773
367,68.022,3774
367,69.757,3775
367,71.766,3776
367,72.727,3777
367,73.635,2487
368,0.0,3520
368,6.191,3778
368,9.431,3779
368,12.256,3780
368,15.084,3781
368,21.429,3782
368,24.456,3783
368,29.679,3784
368,34.143,3785
368,40.013,3786
368,44.079,3787
368,49.16,3788
368,53.462,3789
368,56.047,3740
369,0.486,2992
369,6.361,3790
369,10.218,3791
369,15.992,3792
369,19.109,3793
369,24.8,3794
369,28.984,3795
369,31.934,3796
369,33.917,3797
370,0.0,3033
370,4.442,3798
370,11.33,3799
370,16.475,3800
370,18.732,3801
370,23.632,3802
370,27.582,3803
370,27.8,3804
370,29.854,3805
370,30.028,3806
370,30.376,3807
370,40.63,3147
370,45.75,3808
370,53.326,670
371,0.043,3674
371,3.957,3809
371,8.29,3810
371,13.816,3811
371,16.226,3812
373,0.0,3740
373,12.878,3813
373,43.08,217
374,29.176,3814
374,33.231,3815
374,37.812,3816
374,43.087,768
375,0.0,3752
375,7.484,3817
375,11.323,3818
375,15.301,3819
375,22.418,3820
375,27.8,3821
375,32.752,3822
375,37.075,3823
375,42.085,226
377,0.0,3238
377,5.969,3824
377,9.4,3825
377,15.512,3826
377,21.477,3827
377,25.531,3828
377,29.19,3829
377,33.732,3830
377,39.27,3654
379,33.052,3693
380,0.0,3278
380,1.091,3831
380,23.085,3832
380,29.163,3833
380,31.771,3834
382,109.521,3835
382,113.304,2030
389,0.088,669
389,11.111,3278
390,0.0,2849
390,6.849,3836
393,2.441,3837
394,0.0,3000
394,3.202,3554
394,7.15,3553
394,10.193,3838
394,12.2,3839
394,15.978,3556
395,0.0,3839
395,3.4,3840
395,14.67,3841
395,20.368,3516
401,0.0,3546
401,1.996,3842
401,2.32,3843
401,4.067,3844
401,6.745,3845
401,11.236,3846
401,14.96,3847
401,19.2,3848
401,22.972,3849
401,29.167,3850
401,37.734,3851
401,46.245,3852
401,53.174,3853
401,59.378,3854
401,61.461,3855
401,66.604,3856
401,68.729,3857
401,72.545,3858
401,76.698,3859
401,79.74,3860
401,85.623,3861
401,88.518,3862
401,94.464,3863
401,97.832,3864
401,99.398,3865
401,99.971,3866
402,0.0,2415
402,8.41,3867
402,11.65,3868
402,14.149,3869
402,17.42,3870
402,19.63,3871
402,23.89,3872
402,28.24,3873
402,30.168,3874
402,33.695,3875
402,42.432,3876
402,43.606,3877
402,44.037,3878
402,48.331,3879
402,50.27,3880
402,53.243,3881
402,56.92,3882
402,60.24,3883
402,66.711,3884
402,72.43,3885
402,78.79,3886
402,85.57,3887
402,91.555,3888
402,99.266,3889
402,107.574,3890
402,110.738,3891
402,118.237,3892
402,124.218,3893
402,128.086,3894
402,133.784,3895
402,134.315,3896
402,135.462,3897
402,142.131,3849
403,0.0,3898
403,3.854,3899
403,7.9,3900
403,13.964,3901
403,16.882,3902
403,23.091,3903
403,24.202,3904
403,25.217,3905
403,32.842,3906
403,38.749,3907
403,46.226,3908
403,50.835,3909
403,54.241,3910
403,62.008,3911
403,67.578,3912
403,72.962,3913
403,74.514,3914
403,76.101,3915
403,82.143,3916
403,91.381,3917
403,96.282,3918
403,101.012,3919
403,107.146,3920
403,110.803,3921
403,114.327,3922
403,118.966,3923
403,124.764,2436
404,0.0,2609
404,3.77,3924
404,10.548,3925
404,15.98,3926
404,19.048,3927
404,27.049,3928
404,34.733,3929
404,42.907,3930
404,49.408,3931
404,61.581,3932
404,63.521,2421
404,65.759,3933
404,71.621,3934
404,75.29,3935
404,80.063,3936
404,83.65,3937
404,88.027,3938
404,93.28,3939
404,99.416,3876
405,0.252,768
405,3.883,3898
405,14.09,3940
405,21.79,3941
405,29.86,3942
405,34.835,3943
405,48.074,3944
405,53.37,3945
405,58.27,3946
405,64.752,3947
405,70.711,2609
405,80.14,3948
405,89.11,3949
405,98.328,3950
405,108.725,3951
405,115.907,3952
405,125.929,3953
405,132.107,3954
405,138.307,3955
405,140.717,3956
405,143.394,3957
405,146.252,3958
405,152.618,2643
405,158.908,3959
405,163.506,3960
405,169.068,3961
405,171.274,3962
405,175.004,2407
405,176.928,3963
405,181.829,3964
405,183.727,3965
405,185.327,3966
405,192.109,3967
405,193.285,3968
406,0.238,3074
406,2.0,3969
406,2.93,3970
406,3.734,3971
406,4.84,3972
406,6.049,3973
406,6.73,3974
406,8.311,3975
406,9.425,3976
406,10.8,3977
406,11.681,3978
406,13.22,3979
406,13.815,3980
406,15.665,3981
406,16.935,3982
406,18.229,3983
406,20.85,3984
406,21.454,3985
406,22.49,3986
406,23.399,3987
406,25.99,3988
406,27.537,3989
406,27.999,3990
406,31.305,3991
406,32.975,3992
406,36.685,3993
407,0.0,3853
407,4.709,3994
407,8.225,3995
407,11.996,3996
407,13.124,3997
407,16.643,3998
408,0.239,3074
408,4.779,3999
408,8.894,4000
408,13.194,4001
409,0.116,3999
409,10.069,4002
410,61.305,4003
410,65.341,2617
410,72.481,4004
410,75.904,4005
410,81.79,4006
410,82.363,4007
410,88.573,4008
410,94.15,4009
410,98.92,4010
410,103.107,4011
410,105.823,3912
410,109.419,4012
410,114.28,4013
410,116.46,4014
410,125.444,4015
410,128.892,4016
410,135.462,4017
410,135.76,4018
410,138.856,4019
410,140.338,4020
410,143.676,3534
411,0.0,2437
411,2.285,4021
411,2.535,4022
411,5.784,4023
411,10.25,4024
411,14.596,4025
411,18.9,4026
411,24.992,4027
413,0.0,2602
413,6.901,4028
413,10.474,4029
413,17.582,4030
413,20.642,4031
413,24.689,4032
415,1.763,2487
415,3.495,2488
417,32.33,4033
417,36.06,3546
418,15.578,2411
418,21.67,4034
418,26.06,4035
418,28.7,4036
418,34.59,4037
421,18.26,4038
421,24.447,2425
422,0.859,4027
422,5.121,4039
422,9.511,4040
422,17.952,4041
422,23.457,4042
426,0.24,2480
427,0.0,3867
427,5.025,4043
428,0.0,3546
428,2.67,3547
428,3.439,3548
428,6.436,3071
429,0.0,4000
429,3.769,4044
430,218.067,4045
430,222.105,4046
430,228.087,4047
430,231.683,4048
430,240.452,2495
431,0.378,3987
431,5.336,4049
432,0.0,3551
432,1.939,4050
432,4.204,3971
433,0.086,3074
433,1.631,4050
433,3.197,3999
434,0.306,3897
434,3.853,4051
435,0.321,3897
436,0.001,3035
436,2.15,3694
440,0.001,391
440,1.902,4052
445,3.082,1
445,6.068,387
446,209.914,141
446,211.655,142
447,3.082,1
447,6.804,2
447,9.165,4053
447,10.345,4054
447,12.457,4055
447,15.891,4
447,18.631,4056
447,22.057,4057
447,26.005,4058
447,29.548,5
448,-2.395,1
448,-0.907,4059
448,0.3,4060
448,1.79,4061
448,3.196,4062
448,4.254,80
448,5.996,81
448,11.753,83
449,12.8,83
449,17.178,4063
449,19.129,4064
449,21.461,247
452,4.69,80
452,7.499,1170
453,209.991,141
453,211.655,142
456,15.909,478
456,16.875,482
456,19.7,483
456,25.19,484
456,27.478,485
456,29.393,486
456,30.276,487
457,7.136,2
458,0.091,710
458,3.344,693
459,94.18,4065
459,95.07,4066
459,97.1,4067
459,97.79,142
460,139.146,4068
460,144.375,4069
460,159.7,4070
460,161.496,302
461,19.1,4071
461,32.935,1012
463,532.796,4072
463,540.424,1167
464,159.7,4070
464,161.496,302
466,19.1,4071
466,32.99,1012
467,94.18,4065
467,95.07,4066
467,97.1,4067
467,97.79,142
468,511.7,4073
468,516.8,386
469,0.0,386
469,5.0,4073
471,0.0,4074
471,7.39,1344
472,78.651,4075
472,84.2,1487
473,78.651,4075
473,84.2,1487
475,101.033,4076
475,109.17,4077
475,115.7,1767
476,0.0,4078
476,1.944,4074
476,8.6,1795
477,64.397,4079
477,78.84,1174
478,290.762,4080
478,292.571,1509
479,276.492,4081
479,279.627,2204
479,279.628,2205
480,138.165,4082
480,139.112,2326
481,111.0,4083
481,113.243,3178
482,90.836,4084
482,92.774,3380
483,60.329,4085
483,62.089,3409
484,21.645,4086
484,25.694,3495
485,48.947,4087
485,51.5,3507
486,195.291,4088
486,200.107,3509
487,71.021,4089
487,74.5,4090
487,75.932,1583
488,105.387,4091
488,106.936,4092
488,108.463,4093
488,119.93,1726
489,13.465,4094
489,15.604,4095
489,17.037,4096
489,19.559,4097
489,20.226,2080
490,0.0,4098
490,2.5,4099
490,3.942,234
491,22.0,4100
491,23.72,677
492,80.99,4101
492,82.856,2496
493,251.715,3124
493,252.5,4102
494,0.0,4103
494,1.64,3702
495,13.424,3401
495,21.167,4104
496,20.958,3477
496,23.611,4105
497,0.0,4106
497,7.734,4107
497,8.377,3511
498,13.194,4001
498,14.91,4108
498,24.83,4109
499,111.0,4110
499,119.585,4002
501,0.8,478
502,0.061,478
502,1.512,4111
503,0.071,779
503,1.797,4111
504,13.58,478
505,13.75,478
506,0.0,82
506,3.715,304
506,4.111,305
507,0.941,769
507,2.351,144
509,-0.6,769
509,3.5,4112
509,9.88,776
510,1.233,769
510,3.911,387
511,0.1,484
511,1.019,552
513,0.001,559
513,3.259,253
515,0.001,287
515,1.914,1093
516,0.0,285
516,1.916,1093
517,0.065,1138
517,1.928,1155
519,0.549,287
520,0.015,109
521,0.001,93
522,1.669,93
523,1.146,117
524,-0.017,585
525,-0.067,399
525,1.643,579
526,0.0,577
526,1.254,399
527,0.002,399
527,1.804,579
528,0.181,577
528,1.287,399
529,1.796,14
530,0.578,14
531,-0.187,162
531,1.471,678
532,0.0,162
532,1.462,678
533,0.001,161
533,1.537,565
534,0.625,23
534,3.213,4113
534,5.435,815
535,0.001,814
535,1.41,23
536,0.618,4113
536,2.495,23
537,0.149,814
537,2.907,4113
538,0.7,23
539,0.001,598
539,1.714,599
540,0.832,809
540,2.673,4114
540,4.25,4115
540,6.802,693
541,0.766,693
541,5.504,4116
541,7.366,813
542,3.642,608
542,7.092,1864
543,0.126,608
543,2.043,1865
544,0.001,175
544,1.143,1873
545,0.348,478
545,2.234,1170
545,2.234,1170
546,7.074,4111
546,7.711,82
546,7.815,4117
546,9.926,83
547,6.147,81
547,7.0,4111
547,7.711,82
548,0.05,776
549,0.05,776
558,0.543,14
559,1.76,4118
561,0.014,983
561,3.537,362
562,0.1,362
562,0.934,1275
563,0.8,376
565,0.021,1297
565,0.594,4119
565,0.954,1400
566,1.0,430
567,0.001,441
567,1.779,1195
568,-1.172,446
568,8.017,1198
569,0.074,447
569,2.979,1389
570,0.253,245
570,2.932,1262
571,0.44,1209
571,3.741,244
572,-0.74,243
572,7.729,1210
573,0.632,239
573,5.097,790
574,0.0,790
574,4.156,239
575,-0.166,236
575,2.974,569
576,0.073,801
576,4.08,421
576,4.08,422
577,0.0,903
577,6.647,1402
578,0.0,903
578,1.691,902
579,0.12,899
579,4.761,337
580,0.012,338
580,0.519,900
581,0.0,363
581,0.818,364
581,3.094,4120
585,-0.788,419
585,0.078,418
588,0.01,358
590,27.39,4121
590,28.822,4122
590,30.636,4123
590,34.257,4124
590,38.94,4125
590,40.111,3466
591,318.486,4126
591,319.339,4082
592,0.001,4127
592,4.278,2204
592,4.279,2205
593,272.603,4127
594,493.8,4128
594,494.6,4129
594,497.69,142
595,493.8,4128
595,494.6,4129
595,497.69,142
596,44.6,4130
596,48.4,2516
597,334.6,4131
597,339.7,2515
598,334.6,4131
598,339.7,2515
599,44.6,4130
599,48.4,2516
601,0.001,475
601,1.187,476
602,0.001,475
602,0.82,1631
603,2.764,1632
603,6.202,1510
603,7.361,1511
604,-0.561,1425
604,0.441,1632
605,-0.322,1425
605,3.964,1632
606,0.001,1632
606,1.25,1427
607,0.199,473
607,1.206,1535
608,0.782,1431
609,0.001,1540
609,1.491,1447
611,0.001,1374
611,0.865,1690
612,1.585,1317
613,0.001,1478
613,5.808,1483
614,1.801,1478
614,7.616,1483
615,0.001,1482
615,0.394,1647
617,0.0,1713
618,1.18,1710
618,4.443,1738
619,0.572,1557
624,0.001,4132
624,0.95,4133
624,2.678,1511
625,0.295,1598
629,-0.305,476
629,2.114,1424
629,2.133,4132
629,4.091,1425
629,6.058,1426
629,8.4,1427
642,0.001,196
642,0.6,4134
651,0.003,2105
651,1.443,2239
651,3.289,4135
652,0.001,2251
652,1.45,2113
653,0.001,2251
653,2.0,2112
654,0.205,2037
654,1.358,2236
655,0.001,1957
655,1.815,2250
655,7.05,2251
656,0.381,78
656,3.004,2038
657,0.001,2236
657,1.996,2250
657,7.342,2251
658,0.233,2250
660,0.0,1255
660,0.811,75
661,0.1,2212
661,2.946,2248
663,0.48,1251
665,0.001,1943
665,3.8,4136
666,0.0,1943
666,2.0,1944
667,0.001,1943
667,1.863,1955
668,-0.06,1944
668,1.824,1955
669,0.0,1944
669,3.801,1945
670,0.0,2214
670,1.596,1944
671,2.642,1975
672,0.483,2174
672,3.483,2110
674,0.001,4137
674,3.25,4136
675,0.001,1976
675,0.795,2240
676,0.001,2111
676,1.029,2337
677,0.87,2110
677,2.136,2186
678,0.0,4138
678,2.873,2237
679,53.294,2204
679,53.864,2205
680,0.0,1960
680,1.381,1982
680,2.268,1961
681,0.103,1981
681,1.4,1960
681,3.386,2192
682,0.103,1981
682,2.519,1960
684,0.145,2149
684,1.714,2208
685,0.0,2209
685,3.231,1230
686,-0.498,1851
686,2.172,1227
687,0.004,1850
687,2.218,1226
688,0.0,2093
688,1.032,2092
689,0.001,2235
689,2.437,2216
691,0.0,2102
691,1.416,2197
693,0.016,1502
693,2.077,2191
693,5.639,1505
694,0.001,1505
694,3.16,2218
695,0.328,1423
696,0.001,2271
696,0.336,4139
698,0.85,2034
699,0.25,1495
700,0.0,50
700,2.204,1221
701,0.076,50
701,2.772,51
701,3.752,52
701,6.466,1220
702,0.158,51
702,1.965,1221
703,0.009,1220
703,2.7,52
703,3.667,51
703,5.705,50
704,0.278,1226
704,2.154,1851
705,0.6,63
706,0.001,2251
706,1.081,2112
707,-2.52,2251
707,1.193,2113
709,0.0,1960
709,4.062,2192
711,-0.558,2174
711,2.047,1975
713,0.001,78
713,2.185,4140
713,4.056,4135
713,4.503,1839
714,0.001,1944
714,4.272,1945
715,0.05,2214
715,3.0,1944
716,0.527,2163
716,3.106,4141
717,0.131,2273
717,4.1,4142
719,0.0,4143
719,1.606,1956
720,0.001,1956
721,0.0,550
721,2.572,2778
722,0.001,2780
722,1.841,4144
723,0.0,2386
723,2.076,2381
724,2.155,2381
725,0.0,2380
725,2.245,2381
726,0.536,541
726,2.223,2935
727,0.954,541
727,1.997,2438
728,0.0,541
728,3.111,2935
729,0.0,1908
729,5.933,2438
729,8.026,2935
730,3.775,2935
730,4.05,4145
730,5.114,2438
730,6.561,2439
731,0.001,2438
731,1.961,2935
732,0.4,541
734,0.0,3579
734,1.97,739
734,2.473,738
735,0.097,1908
735,5.933,2438
735,7.51,2935
736,0.001,938
737,0.0,1872
737,3.636,176
739,0.0,1864
739,4.9,609
740,0.0,1872
740,2.752,175
741,0.0,1882
741,8.198,1884
742,0.0,1883
742,6.577,1881
743,0.339,2353
743,1.71,2670
745,0.551,750
745,2.398,4146
745,2.603,751
747,1.0,1067
747,1.498,4147
749,0.508,2029
749,2.2,2030
750,4.936,3200
750,12.77,3512
751,0.298,3513
751,5.698,3078
752,0.0,3513
752,2.35,2144
753,0.123,2936
753,2.39,3513
754,0.45,2144
755,0.621,2144
756,0.0,3512
756,3.109,2145
756,3.723,2144
757,0.985,4148
757,1.556,3076
757,3.726,3003
757,4.004,3004
758,0.241,3512
758,3.295,3004
759,0.081,3513
759,1.396,3125
760,1.0,3076
760,3.349,3513
761,0.0,2936
761,0.708,3076
763,1.166,3200
763,5.552,1939
764,0.0,3199
764,3.45,3200
765,2.07,3200
765,2.888,4149
765,4.26,3150
766,0.001,2136
766,2.874,3209
766,3.937,3210
770,2.1,337
771,0.122,3322
771,2.164,2011
773,-0.283,3096
773,1.82,3095
776,0.24,3100
776,5.989,4150
776,10.014,4151
776,14.49,4152
778,0.58,3123
779,0.171,3121
779,0.821,3373
780,0.445,3375
786,26.142,3510
786,27.305,4153
786,27.896,4154
786,29.691,4155
786,31.167,4156
786,32.76,4157
800,0.133,3553
801,0.002,3001
801,2.635,203
802,0.002,3001
802,4.015,2967
803,0.0,3841
803,1.144,3613
804,0.312,198
804,1.821,3552
805,0.001,197
805,1.088,3838
806,0.002,3553
806,4.081,3552
807,0.332,191
807,2.138,3232
808,-0.838,3232
808,6.562,192
809,0.065,176
809,1.9,1873
810,0.885,609
810,3.303,1865
811,0.032,630
811,1.496,2984
812,0.0,2291
812,3.448,2977
813,0.001,2291
813,1.202,2977
814,0.001,2291
814,1.418,2977
815,0.159,638
815,2.324,3220
816,0.0,3220
816,2.966,639
819,0.087,218
819,2.74,219
819,4.808,3690
820,0.087,218
820,2.0,219
820,4.946,220
821,-0.012,3045
821,5.513,230
822,0.24,230
822,2.972,3046
823,0.002,3553
823,4.713,3838
824,0.092,3554
824,2.4,3553
826,0.001,2991
827,1.2,2495
828,0.8,2495
829,16.133,478
830,10.476,813
831,7.366,813
832,7.019,813
833,10.1,478
834,10.1,478
835,9.701,478
836,177.305,287
838,12.275,478
839,3.333,1170
840,0.687,1195
841,4.31,430
842,0.2,1195
843,24.0,484
844,0.06,82
845,0.001,1881
845,2.3,4158
847,0.0,2857
847,2.032,4159
848,37.826,4160
851,0.066,3551
851,2.193,3999
854,0.001,3072
854,4.175,3550
855,0.0,3549
855,0.854,3072
857,0.001,3546
857,2.152,3842
858,120.131,1005
859,0.072,2190
859,0.825,4161
860,2.213,1488
861,1.626,1478
862,-0.046,2093
862,3.048,2225
863,-1.066,2189
863,4.67,2252
863,9.283,4162
864,-0.28,2040
864,2.96,4163
865,197.83,136
865,200.8,4164
866,197.874,136
866,199.2,4164
867,201.575,4164
867,202.048,139
868,4.642,770
869,0.0,3089
869,1.466,4165
869,2.147,4166
869,2.184,4167
872,61.623,1981
872,63.088,1960
873,0.001,2215
873,1.797,4168
874,0.081,2181
874,1.621,2232
876,0.542,2228
876,6.237,4169
877,0.126,2225
877,1.662,4169
878,0.021,2180
880,0.001,2087
880,0.708,4170
882,-1.15,1495
882,7.5,4171
883,0.01,2034
883,5.9,4172
884,0.212,2274
884,2.0,4173
885,0.001,2031
885,2.3,4174
886,0.001,1533
886,2.301,4175
887,0.109,2162
887,2.4,4176
888,0.07,1844
888,1.757,4177
890,0.001,2194
890,1.162,4178
891,0.001,1963
891,2.21,4179
891,3.994,1964
893,0.7,2109
893,2.029,4180
893,3.08,2110
894,0.0,2108
894,3.7,4181
895,0.001,4135
895,1.0,4182
896,0.001,2104
896,3.6,4183
897,0.156,2104
897,3.6,4183
898,0.067,2113
898,3.7,4184
900,0.001,956
900,3.87,4185
901,7.074,4111
901,7.711,82
901,10.0,83
902,4.951,80
902,5.988,81
902,7.855,82
903,1.672,81
903,2.899,1170
906,-0.148,134
906,3.532,4186
911,1.492,1007
911,2.279,4187
913,-0.994,1008
913,2.105,4188
918,1.885,4189
918,3.35,1
919,3.208,1
919,4.607,4190
920,4.381,1
921,125.8,170
921,127.78,4191
921,128.6,4192
921,129.36,4193
923,0.36,1190
923,1.12,4194
928,0.277,1088
930,0.001,359
930,2.383,1275
931,0.001,1388
931,2.883,4195
933,0.0,869
933,1.5,4196
934,1.263,1203
935,1.0,359
936,2.353,430
936,2.353,430
937,-2.832,391
939,0.001,4115
939,1.483,4197
940,1.308,1538
940,6.235,4198
940,8.385,4199
941,2.786,1538
941,4.065,1539
942,0.001,1539
942,1.1,1538
943,1.0,1538
944,2.0,1538
945,1.1,1632
947,0.0,1631
947,3.393,4200
950,0.368,1835
951,0.001,1835
954,0.001,1835
957,-0.257,2092
957,4.065,2093
958,0.2,2093
959,1.0,2093
960,0.669,2380
960,3.327,4201
961,0.002,4201
961,1.101,2381
963,21.756,2380
964,0.002,4201
964,0.295,2386
965,-0.007,2779
965,1.248,4202
965,3.499,2779
966,1.0,512
967,2.191,525
968,1.0,525
970,0.001,3083
970,2.985,4203
971,0.0,3369
971,2.88,4204
972,0.001,3299
972,1.05,4205
973,0.0,3268
974,0.019,3291
974,1.69,4206
975,1.901,3201
976,0.001,3097
976,1.499,4207
977,0.001,3181
977,2.0,4208
978,1.076,1968
978,1.227,4209
979,0.001,1835
980,0.67,3036
980,2.101,3037
981,0.1,230
982,0.001,219
983,0.0,2991
984,1.0,3553
987,0.0,1445
987,2.75,4210
988,0.001,1318
989,0.001,1483
989,1.63,1486
990,5.0,3072
991,3.521,3072
991,3.991,4211
992,3.726,3072
993,1.0,3072
994,0.5,3072
995,1.0,3072
995,1.491,4212
996,0.0,3862
996,9.094,3865
997,0.08,3865
997,0.626,4213
998,0.001,3551
998,0.632,4214
999,0.548,768
999,3.195,3898
